Titulo,Autor,Editor,TituloBusqueda,cluster id,confidence
hermano de los osos,,"grupo anaya, s.a.",hermano de los osos,0,0.346948066
,inmaculada benet salinas,"grupo anaya, s.a.",,0,0.362564905
,,"grupo anaya, s.a.",,0,0.400133741
ramoncete y la gorda,jorge ferrer-vidal turull,"grupo anaya, s.a.",ramoncete y la gorda,0,0.312912604
,medardo fraile,"grupo anaya, s.a.",,0,0.368302698
curso de electronica y micro. 3,"ruiz vassallo, francisco","centro de estudios ceac, s.l. (grupo ceac)",curso de electronica y micro. 3,1,0.305832488
curso de comercio exterior,,"centro de estudios ceac, s.l. (grupo ceac)",curso de comercio exterior,1,0.274784907
,francisco ruiz vassallo,"centro de estudios ceac, s.l. (grupo ceac)",,1,0.380851048
,francisco ruiz vassallo,"centro de estudios ceac, s.l. (grupo ceac)",,1,0.380851048
,francisco ruiz vassallo,"centro de estudios ceac, s.l. (grupo ceac)",,1,0.380851048
"curso de electronica digital. practicas, tomo ii",francisco ruiz vassallo,"centro de estudios ceac, s.l. (grupo ceac)","curso de electronica digital. practicas, tomo ii",1,0.348490646
"curso de electronica digital. practicas, tomo xi",francisco ruiz vassallo,"centro de estudios ceac, s.l. (grupo ceac)","curso de electronica digital. practicas, tomo xi",1,0.348490646
,francisco ruiz vassallo,"planeta de agostini, s.a.",,1,0.289232409
historia del siglo xx,antonio eduardo tello arguello,"salvat editores, s.a.",historia del siglo xx,2,0.400133741
,,"salvat editores, s.a.",,2,0.400133741
historia del mundo contemporaneo,manuel gomez lorente,"mcgraw-hill/interamericana de espana, s.a.",historia del mundo contemporaneo,3,0.332670514
"historia del mundo contemporaneo, 1o bachillerato",asuncion justa torres lopez-tercero,"mcgraw-hill/interamericana de espana, s.a.","historia del mundo contemporaneo, 1o bachillerato",3,0.340181772
,,"mcgraw-hill/interamericana de espana, s.a.",,3,0.400133741
londres,,"mcgraw-hill/interamericana de espana, s.a.",londres,3,0.328200174
,,"grupo editorial random house mondadori, s.l.",,4,0.400133741
,,"grupo editorial random house mondadori, s.l.",,4,0.400133741
solos en los bares de noche,antonio montesinos gilbert,"grupo editorial random house mondadori, s.l.",solos en los bares de noche,4,0.303537026
la caida de jonathan edar,,"grupo editorial random house mondadori, s.l.",la caida de jonathan edar,4,0.310937356
,,"grupo editorial random house mondadori, s.l.",,4,0.400133741
geografia 2o cicle e.s.o.,jaume rios calvet,"grupo editorial random house mondadori, s.l.",geografia 2o cicle e.s.o.,4,0.303107341
,enric larreula vidal,"teide, s.a.",,5,0.34301047
comprender la filosofia,,"teide, s.a.",comprender la filosofia,5,0.317893887
,carmen pleyan cerda,"teide, s.a.",,5,0.345039167
,luis miguel del carmen martin,"teide, s.a.",,5,0.350272687
"microscopi 1 llengua, eso-quadern",marta luna sanjuan,"teide, s.a.","microscopi 1 llengua, eso-quadern",5,0.273898786
atlas de secundaria,jaume rios calvet,"teide, s.a.",atlas de secundaria,5,0.273630533
chungaria,carmen vazquez-vigo lopez,"susaeta ediciones, s.a.",chungaria,6,0.400133741
,,"susaeta ediciones, s.a.",,6,0.400133741
el show de truman,,"random house mondadori, s.a.",el show de truman,7,0.244952047
viajes y experiencias,,"random house mondadori, s.a.",viajes y experiencias,7,0.241042452
accidente,,"random house mondadori, s.a.",accidente,7,0.271117953
un destello en la niebla,,"random house mondadori, s.a.",un destello en la niebla,7,0.247667337
kaisha la corporacion japonesa,,"random house mondadori, s.a.",kaisha la corporacion japonesa,7,0.253876948
,,"random house mondadori, s.a.",,7,0.400133741
matsu pudo equivocarse,jose luis vila-san-juan oliva,"random house mondadori, s.a.",matsu pudo equivocarse,7,0.232221625
una entrega especial,,"random house mondadori, s.a.",una entrega especial,7,0.240958359
el primer caballero,,"random house mondadori, s.a.",el primer caballero,7,0.236592328
,,"random house mondadori, s.a.",,7,0.400133741
elegantes y casaderas,,"random house mondadori, s.a.",elegantes y casaderas,7,0.246489861
mujeres sin pasado,,"random house mondadori, s.a.",mujeres sin pasado,7,0.240044488
gran atlas de espana,francisco luis cardona castro,"random house mondadori, s.a.",gran atlas de espana,7,0.23313255
,alfredo borque palacin,"itp - paraninfo, s.a.",,8,0.356444459
,francisco eugenio gonzalez,"itp - paraninfo, s.a.",,8,0.349167514
,alfredo borque palacin,"itp - paraninfo, s.a.",,8,0.356444459
,,"itp - paraninfo, s.a.",,8,0.400133741
atencion al cliente en hosteleria,,"itp - paraninfo, s.a.",atencion al cliente en hosteleria,8,0.331000388
sistemas de telefonia,jose manuel huidobro moya,"itp - paraninfo, s.a.",sistemas de telefonia,8,0.283971971
microbotica,ignacio angulo martinez,"itp - paraninfo, s.a.",microbotica,8,0.295975736
instalaciones automatizadas en viviendas y oficinas,jose moreno gil,"itp - paraninfo, s.a.",instalaciones automatizadas en viviendas y oficinas,8,0.301575883
varias historias,antonio vera ramirez,"b, s.a.",varias historias,9,0.400133741
,,"b, s.a.",,9,0.400133741
,mikel garmendia ugarte,"altea, taurus, alfaguara, s.a.",,10,0.34502437
,maria puncel reparaz,"altea, taurus, alfaguara, s.a.",,10,0.38114231
,maria puncel reparaz,"altea, taurus, alfaguara, s.a.",,10,0.38114231
,,"altea, taurus, alfaguara, s.a.",,10,0.400133741
,maria puncel reparaz,"altea, taurus, alfaguara, s.a.",,10,0.38114231
el libro de los primeros hombres,maria puncel reparaz,"altea, taurus, alfaguara, s.a.",el libro de los primeros hombres,10,0.38114231
,,"alianza editorial, s.a.",,11,0.400133759
el frio y las tinieblas,jose alcina franch,"alianza editorial, s.a.",el frio y las tinieblas,11,0.400133759
,"grijelmo mattern, maria begona",federico grijelmo ribechini,,12,0.400133759
guia yale holandes-espanol,,federico grijelmo ribechini,guia yale holandes-espanol,12,0.400133759
,jordi sierra fabra,"circulo de lectores, s.a.",,13,0.400133741
,,"circulo de lectores, s.a.",,13,0.400133741
el druida,,"circulo de lectores, s.a.",el druida,13,0.400133741
el despertar religioso en la familia,emeterio sorazu ugartemendia,"espasa-calpe, s.a.",el despertar religioso en la familia,14,0.311834477
el hombre al reves,,"espasa-calpe, s.a.",el hombre al reves,14,0.3573013
,maria del carmen morales baeza,"espasa-calpe, s.a.",,14,0.357640784
,gabriel janer manila,"espasa-calpe, s.a.",,14,0.359593452
hacia el analisis automatico del discurso,,"gredos, s.a.",hacia el analisis automatico del discurso,15,0.400133741
,fernando alonso alonso,"gredos, s.a.",,15,0.400133741
quadres de viatges,,edicions 62,quadres de viatges,16,0.31613081
,jose ma comelles esteban,"edicions 62, s.a.",,16,0.383512783
el cas galton,,"edicions 62, s.a.",el cas galton,16,0.318366585
,,"edicions 62, s.a.",,16,0.399828609
,carmen arnau faidella,"edicions 62, s.a.",,16,0.383512783
super short-stories,,"edicions 62, s.a.",super short-stories,16,0.319995757
,antoni serra bauca,"molino, s.l.",,17,0.400133741
el gran libro de clasicos para los mas pequenos,,"molino, s.l.",el gran libro de clasicos para los mas pequenos,17,0.400133741
,,"narcea, s.a. de ediciones",,18,0.400133759
,,"narcea, s.a. de ediciones",,18,0.400133759
,,serv. publ. universidad la laguna,,19,0.400133741
,,serv. publ. universidad la laguna,,19,0.400133741
,,serv. publ. universidad la laguna,,19,0.400133741
,,serv. publ. univ. cordoba,,20,0.400133741
,,serv. publ. univ. cordoba,,20,0.400133741
,,serv. publ. univ. cordoba,,20,0.400133741
,,serv. publ. univ. cordoba,,20,0.400133741
propiedad horizontal y aprovechamiento por turno de bienes inmuebles,angel luis ramos carboneros,"biblioteca nueva, s.l.",propiedad horizontal y aprovechamiento por turno de bienes inmuebles,21,0.400133741
,,"biblioteca nueva, s.l.",,21,0.400133741
,,"axel springer, s.l.",,22,0.400133741
melmoth el errabundo,,"axel springer, s.l.",melmoth el errabundo,22,0.331218756
lur entziklopedia tematikoa. (euskal herriko atlas historikoa),aintzane atela gurruchaga,"axel springer, s.l.",lur entziklopedia tematikoa. (euskal herriko atlas historikoa),22,0.331218756
,,"tusquets editores, s.a.",,23,0.400133759
ligeros libertinajes sataficos,mercedes abad calvo,"tusquets editores, s.a.",ligeros libertinajes sataficos,23,0.400133759
,jesus maria olaizola lazkano,"elkar, s.l.",,24,0.400133759
,,"elkar, s.l.",,24,0.400133759
,miquel creus i munoz,"empuries, s.l.",,25,0.400133759
harry potter i el calze de foc,,"empuries, s.l.",harry potter i el calze de foc,25,0.400133759
abel matutes. de cacique local a ministro de aznar,"cerda subirachs, juan","dictext, s.l.",abel matutes. de cacique local a ministro de aznar,26,1
la movilidad transnacional de trabajadores,gloria esteban de la rosa cristobal molina navarrete,"editorial comares, s.l.",la movilidad transnacional de trabajadores,27,1
glaciacion genil,manuel de pinedo garcia,universidad centro americana san jose,glaciacion genil,28,1
"pedro arrupe, unesplosione nella chiesa",pedro miguel lamet,ancora,"pedro arrupe, unesplosione nella chiesa",29,1
"pedro arrupe, unesplosione nella chiesa",pedro miguel lamet,ancora,"pedro arrupe, unesplosione nella chiesa",30,1
availacao das escolas,"santos guerra, miguel angel",asa,availacao das escolas,31,1
a escola que aprende,miguel santos guerra,asa,a escola que aprende,32,1
entre bastidores,miguel santos guerra,asa,entre bastidores,33,1
entre parentesis,"alvarez, isabel",abecedaria,entre parentesis,34,1
entre parentesis,"alvarez, isabel",abecedaria,entre parentesis,35,1
pepe azorin. chronique dune invention,jose angel blasco carrascosa,espace croix baragnon,pepe azorin. chronique dune invention,36,1
wences rambla. pinturas,juan angel blasco carrascosa,sala 6 de febrero,wences rambla. pinturas,37,1
atipica,maria jose marco,galeria edgar neville,atipica,38,1
cesar gaya: atravesando el agua,juan angel blasco carrascosa,caja rural de torrent,cesar gaya: atravesando el agua,39,1
horacio silva. paisajes misteriosos,juan angel blasco carrascosa,,horacio silva. paisajes misteriosos,40,1
iii. certamen nacional de pintura vendimia inicial oro,"blasco carrascosa, juan angel",consejo regulador de denom. origen utiel-requena,iii. certamen nacional de pintura vendimia inicial oro,41,1
martin yuso,"martin yuso juan angel blasco carrascosa, tex",,martin yuso,42,1
benidorm benidorm,teresina mosco,"ayuntamiento de valencia, palau de la musica",benidorm benidorm,43,1
p. juan durango (1632-1696),"sierra perez, jose",ediciones escurialenses,p. juan durango (1632-1696),44,1
humanidades,"alvarez garcia, ma azucena",centro de estudios poeticos,humanidades,45,1
america latina: teatro y revolucion,"monleon, jose",ateneo de caracas,america latina: teatro y revolucion,46,1
"rafael alberti y nuria espert, poesia y voz de la escena espanola","monleon, jose",ateneo de caracas,"rafael alberti y nuria espert, poesia y voz de la escena espanola",47,1
el fascismo en espana,"fernandez vargas, valentina",la pietra,el fascismo en espana,48,1
essercito e franchismo,"fernandez vargas, valentina",universidad de bolonia,essercito e franchismo,49,1
obra completa,"nogues, cesar",ossa menor,obra completa,50,1
erotica parda,"garcia lorenzo, jesus",ayuntamiento de galaroza,erotica parda,51,1
cinco agradecimientos,"garcia lorenzo, jesus",ariadna,cinco agradecimientos,52,1
"poemas, cuentos y fotografias","garcia lorenzo (jesus urceloy) lorenzo, d. jesus",fundacion cyii,"poemas, cuentos y fotografias",53,1
100 sonetos,"garcia lorenzo (jesus urceloy) lorenzo, d. jesus",la luna de merida,100 sonetos,54,1
cuentos de miedo,"garcia lorenzo (jesus urceloy) lorenzo, d. jesus",la luna de merida,cuentos de miedo,55,1
abecedario,"garcia lorenzo (jesus urceloy) lorenzo, d. jesus",la luna de merida,abecedario,56,1
anfora,"pozo garza, luz",impr. varela,anfora,57,1
o paxaro na boca,"pozo garza, luz",palacios,o paxaro na boca,58,1
el vagabungo,"pozo garza, luz",las riveras del eo,el vagabungo,59,1
notas a la gramatica de la lengua castellana de don andres bello,"cuervo, rufino jose",instituto caro y cuervo,notas a la gramatica de la lengua castellana de don andres bello,60,1
como preparar un aula de historia,"herrero, clemente, et al.",asa,como preparar un aula de historia,61,1
pacem in terris,,sept,pacem in terris,62,1
gran libro de s. cipriano o los tesoros del hechicero,,alfaguara,gran libro de s. cipriano o los tesoros del hechicero,63,1
"o estatuto de galiza, antecedentes e comentarios","alonso estravis, isaac",nos,"o estatuto de galiza, antecedentes e comentarios",64,1
v congreso luso-galaico de medicina do trabalho,"fraguela formoso, jose angel",tipografia peres,v congreso luso-galaico de medicina do trabalho,65,1
jalupi de alvupi. los dioses y demonios del conocimiento,"montoya, sergio enrique",edicion personal,jalupi de alvupi. los dioses y demonios del conocimiento,66,1
interpretacion estetica de la estatuaria megalitica americana,"oteiza, jorge",cultura hispanica-silverio aguirre,interpretacion estetica de la estatuaria megalitica americana,67,1
proposito experimental 1056-1957,"oteiza, jorge",graficas reunidas,proposito experimental 1056-1957,68,1
androcanto y sigo,"oteiza, jorge",aranzazu,androcanto y sigo,69,1
cronica dun inverno,"cortizas, anton",cig,cronica dun inverno,70,1
materiales de motivacion en casa y en el aula,,cohs,materiales de motivacion en casa y en el aula,71,1
dulce chacon,"ruiz carrascal, rosalia, ant.",aula valverde,dulce chacon,72,1
javier tomeo,"ruiz carrascal, rosalia, ant.",aula valverde,javier tomeo,73,1
"interminati spazi, sovrumani silenzi","vera saura, carmelo",stamperia dellarancio,"interminati spazi, sovrumani silenzi",74,1
premios del certamen jara camilo,"vera saura, carmelo",ayuntamiento de alcantarilla,premios del certamen jara camilo,75,1
poeti del mondo per giacomo leopardi,"vera saura, carmelo",centro nazionale di studi leopardiani,poeti del mondo per giacomo leopardi,76,1
eterno adolescente,"vera saura, carmelo",signum edizioni darte,eterno adolescente,77,1
poemes,josep marti mari,caixa de balears,poemes,78,1
paraules en carn viva,"molins, manuel, et al.",ceic alfons el vell,paraules en carn viva,79,1
"educar en relacion. cuadernos de educacion no sexista, no 11","salguero juan y seva, jose maria",instituto de la mujer,"educar en relacion. cuadernos de educacion no sexista, no 11",80,1
educar en relacion. las relaciones en la orientacion,"salguero juan y seva, jose maria",educar en relacion. cuadernos de ed. nacional,educar en relacion. las relaciones en la orientacion,81,1
sonido de la sombra,"climent, joan",rumbos,sonido de la sombra,82,1
dali capita,,joventut,dali capita,83,1
los balbos y el imperio romano,,universidad de buenos aires,los balbos y el imperio romano,84,1
defensa de julio cornelio balbo,,csic,defensa de julio cornelio balbo,85,1
documenta ad linguae latinae historiam illustrandam,,csic,documenta ad linguae latinae historiam illustrandam,86,1
san paciano. obras,"rubio fernandez, lisardo",universidad de barcelona,san paciano. obras,87,1
fontes hispaniae antiquae,,universidad de barcelona,fontes hispaniae antiquae,88,1
pamphilus de amore,,universidad de sevilla,pamphilus de amore,89,1
novena a nuestra senora del rosario,"cuadrado tapia, ricardo",monte carmelo,novena a nuestra senora del rosario,90,1
las realidades gratuitas son las mas necesarias,"cuadrado tapia, ricardo",monte carmelo,las realidades gratuitas son las mas necesarias,91,1
novena al venerable fray vicente de bernedo,"cuadrado tapia, ricardo",ediciones salesianos,novena al venerable fray vicente de bernedo,92,1
os doentes nos evangelizan,"cuadrado tapia, ricardo",edic. paulinas (brasil),os doentes nos evangelizan,93,1
catalogo biliografico de la exposicion biblias,"moralejo alvarez, maria remedios",biblioteca universitaria,catalogo biliografico de la exposicion biblias,94,1
catalogo biliografico de la exposicion de mapas y atlas de la biblioteca universitaria,"moralejo alvarez, maria remedios",biblioteca universitaria,catalogo biliografico de la exposicion de mapas y atlas de la biblioteca universitaria,95,1
derecho mercantil ii,"diaz moreno, alberto",editorial ariel,derecho mercantil ii,96,1
passio imaginis,"pons bonet, miquel",j. llopis. felanitx,passio imaginis,97,1
alberto bellon,"lacarta salvador, manuel",arteguia,alberto bellon,98,1
ruperto cabrera,"lacarta salvador, manuel",arteguia,ruperto cabrera,99,1
poemas aljarafies,"jurado lopez, manuel",tlass,poemas aljarafies,100,1
alba de azahar,"cabello, alfonso",port-royal ediciones,alba de azahar,101,1
te esperamos,"diez serrano, isabel",academia iberoamericana de poesia,te esperamos,102,1
ispanskaia noviella,"taibo arias, xoan ignacio",raduga,ispanskaia noviella,103,1
ilta sirkuksessa,"sanchez rosenberg, natascha",kirjalito,ilta sirkuksessa,104,1
colori,"sanchez rosenberg, natascha",classica licone,colori,105,1
opposti,"sanchez rosenberg, natascha",classica licorne,opposti,106,1
numeri,"sanchez rosenberg, natascha",classica licorne,numeri,107,1
historia de las civilizaciones,"caballos rufino, antonio francisco",bruno,historia de las civilizaciones,108,1
eleventh hour (toque de queda),"leon garcia, mercedes",modern international drama,eleventh hour (toque de queda),109,1
versos contigo,"ruiz guirado, jose",rondas,versos contigo,110,1
al son de nieve,"ruiz guirado, jose",libreria casalderrey,al son de nieve,111,1
espana,"marchetti, magda",patron,espana,112,1
il teatro di alfonso sastre,"ruggeri marchetti, magda",bulzoni,il teatro di alfonso sastre,113,1
il teatro di antonio buero vallejo o il proceso v. la verita,"ruggeri marchetti, magda",,il teatro di antonio buero vallejo o il proceso v. la verita,114,1
"resumen de las conferencias del iii curso de historia, arte y cultura de henares","canalda camara, jose carlos",institucion de estudios complutenses,"resumen de las conferencias del iii curso de historia, arte y cultura de henares",115,1
"resumen de las conferencias del iv curso de historia, arte y cultura de alcala de henares","canalda camara, jose carlos",institucion de estudios complutenses,"resumen de las conferencias del iv curso de historia, arte y cultura de alcala de henares",116,1
"resumen de las conferencias del ii curso de historia, arte y cultura de alcala de henares","canalda camara, jose carlos",institucion de estudios complutenses,"resumen de las conferencias del ii curso de historia, arte y cultura de alcala de henares",117,1
protesu soberanista tibil eta demokratikoetat,,fundacion manu robles-arangiz institutua,protesu soberanista tibil eta demokratikoetat,118,1
ihar euskal herriko egoera ekonomikoa atken hogei urte hanetan,,fundacion manu robles-arangiz institutua,ihar euskal herriko egoera ekonomikoa atken hogei urte hanetan,119,1
de frente a la vida,"caiza, ramiro",casa de la cultura ecuatoriana,de frente a la vida,120,1
catalogo de los archivos municipales turolenses,"aguirre gonzalez, francisco javier",consejo superior de investigaciones cientificas,catalogo de los archivos municipales turolenses,121,1
moda y salud,"polaino lorente, aquilino","universidad de navarra, servicio de actividades",moda y salud,122,1
el viaje,"silva castro, alberto leonardo",paradiso,el viaje,123,1
guinness world records 2002,,grupo planeta,guinness world records 2002,124,1
guiness world records 2003,,grupo planeta,guiness world records 2003,125,1
estudios biograficos ganivetianos,,serva-elite,estudios biograficos ganivetianos,126,1
deuda externa. jornadas de estudio,"puertas moya, francisco ernesto",congdcar,deuda externa. jornadas de estudio,127,1
deuda externa. jornadas de estudio,,congdcar,deuda externa. jornadas de estudio,128,1
la tierra y sus limites,"capel saez, horacio",editorial salvat,la tierra y sus limites,129,1
"lorca, capital subregional","capel saez, horacio",,"lorca, capital subregional",130,1
excepcionalismo en geografia,"capel saez, horacio",universitat de barcelona,excepcionalismo en geografia,131,1
homenaje al profesor casas torres,"capel saez, horacio",universidad de zaragoza,homenaje al profesor casas torres,132,1
lorca. cuarenta anos de su evolucion economica y social,"capel saez, horacio",,lorca. cuarenta anos de su evolucion economica y social,133,1
miscel.lania pau vila,"capel saez, horacio",institut destudis catalans,miscel.lania pau vila,134,1
miscel.lania pau vila,,institut destudis catalans,miscel.lania pau vila,135,1
raices y alas,"guzman camacho, juan antonio",la voz de huelva,raices y alas,136,1
la ternura del silencio,"guzman camacho, juan antonio",la voz de huelva,la ternura del silencio,137,1
el fundador ernesto gimenez caballero,"azorin garcia, francisco",instituto de estudios madrilenos,el fundador ernesto gimenez caballero,138,1
a la decouverte de la cote dhendaye,"lugaresaresti bilbao, joseba imanol",mairie de hendaye,a la decouverte de la cote dhendaye,139,1
la vanguardia en espana,"aullon de haro, pedro",ophrys-cric,la vanguardia en espana,140,1
antologia.....pasodoble,"aullon de haro, pedro",f.c.e. ministerio,antologia.....pasodoble,141,1
pensamiento y literatura en espana,"aullon de haro, pedro",universidad de toulouse,pensamiento y literatura en espana,142,1
sueno realizado,"lopez ledesma, jose",imp. samaran,sueno realizado,143,1
antologia imperfecta,"baena rojas, jose",la voz de huelva,antologia imperfecta,144,1
el profesorado y la prevencion de las drogodependencias,,grupo interdiciplinar sobre drogas,el profesorado y la prevencion de las drogodependencias,145,1
aitona ibilkaria,,manos unidas,aitona ibilkaria,146,1
poemas y fragmentos,tomas sanchez santiago (pr.),pavesas,poemas y fragmentos,147,1
deus caritas est,"fuertes fernandez, mariano",carmelitas,deus caritas est,148,1
en camino,"fuertes fernandez, mariano",pastorinas,en camino,149,1
palabras y cantos de jesus,"fuertes fernandez, mariano",o.c.p.,palabras y cantos de jesus,150,1
resucito / alegrate,"fuertes fernandez, mariano",o.c.p.,resucito / alegrate,151,1
"informe socio economico de la ciudad de sevilla, 1995-1996","cuenca garcia, eduardo",ayuntamiento de sevilla,"informe socio economico de la ciudad de sevilla, 1995-1996",152,1
informe socio economico de la ciudad de sevilla,"cuenca garcia, eduardo",ayuntamiento de sevilla,informe socio economico de la ciudad de sevilla,153,1
como ensenar a los hijos a vivir con alegria,"aradillas, antonio",alameda,como ensenar a los hijos a vivir con alegria,154,1
"david, hoy","aradillas, antonio",studium,"david, hoy",155,1
yves klein. catalogo,"martinez lopez, jose antonio, trad.",museo nacional centro de arte reina sofia,yves klein. catalogo,156,1
la horticultura espanola,"melgarejo moreno, pablo",sociedad espanola de ciencias horticolas,la horticultura espanola,157,1
la negra,"gonzalez cruz, luis miguel",,la negra,158,1
las andanzas del coronel barcelones massanes al inicio del siglo xix,"vilarrubias solanes, felio antonio",circulo de liceo,las andanzas del coronel barcelones massanes al inicio del siglo xix,159,1
espana hoy,"vilarrubias solanes, felio antonio",universidad la laguna,espana hoy,160,1
el camino de la legua,benjamin blanco rocandio y oscar robres medel,elite,el camino de la legua,161,1
antologia de la poesia cosmica,"diez serrano, isabel",frente de afirmacion hispanista,antologia de la poesia cosmica,162,1
antonio pereira en aula valverde,,aeex,antonio pereira en aula valverde,163,1
rainy days,"diaz mas, maria paloma",aris phillips,rainy days,164,1
serna-avendano,"lacarta salvador, manuel",arteguia,serna-avendano,165,1
mateo,"lacarta salvador, manuel",arteguia,mateo,166,1
i jornadas andaluzas de eslavistica,"juez galvez, francisco javier",junta de andalucia,i jornadas andaluzas de eslavistica,167,1
haz de sentimientos,"lopez ramos, antonio",,haz de sentimientos,168,1
"amor, ideas y hombres","lopez ramos, antonio",,"amor, ideas y hombres",169,1
los pequenos consumidores,"sanchez sanchez, rafael",unae,los pequenos consumidores,170,1
mezako oharrak,"amundarain sarasola, benito",izarra,mezako oharrak,171,1
jaunaren deia,"amundarain sarasola, benito",izarra,jaunaren deia,172,1
ensayo de tactica general,,,ensayo de tactica general,173,1
el ejercito te abre sus puertas,ory,dossat,el ejercito te abre sus puertas,174,1
contestaciones al programa no4 de los cursos regionales de formacion de sargentos,"de ory lozano, eduardo",dossat,contestaciones al programa no4 de los cursos regionales de formacion de sargentos,175,1
formacion de sargentos de artilleria,"de ory lozano, eduardo",dossat,formacion de sargentos de artilleria,176,1
formacion de cabos de artilleria,"de ory lozano, eduardo",dossat,formacion de cabos de artilleria,177,1
formacion de sargentos de infanteria,"de ory lozano, eduardo",dossat,formacion de sargentos de infanteria,178,1
formacion de cabos de infanteria,"de ory lozano, eduardo",dossat,formacion de cabos de infanteria,179,1
formacion a sargentos de intendencia,"de ory lozano, eduardo",dossat,formacion a sargentos de intendencia,180,1
formacion a cabos de intendencia,"de ory lozano, eduardo",dossat,formacion a cabos de intendencia,181,1
introduccion a la soldadura electrica,"rivas arias, jose maria","thomson paraninfo,s.a.",introduccion a la soldadura electrica,182,1
soldadura electrica y sistemas t.i.g. y m.a.g.,"rivas arias, jose maria","thomson paraninfo,s.a.",soldadura electrica y sistemas t.i.g. y m.a.g.,183,1
el mundo hokun,"bermudez castillo, gabriel",javalambre,el mundo hokun,184,1
les normes de castello: textos i contextos,"pitarch almela, vicente",ajuntament de castello,les normes de castello: textos i contextos,185,1
la cocina verbal,victor canicio,fondo de cultura economica,la cocina verbal,186,1
la peste bucolica,victor canicio,editorial montflorit,la peste bucolica,187,1
la malediccio de la mel,"castello morro, rosa",ayuntamiento de castellon,la malediccio de la mel,188,1
a greneva school reader in linguistics,"mourelle de lema, manuel","indiana university press, bloomington-londres",a greneva school reader in linguistics,189,1
relatos e historias de amor de la axarquia almeriense,,"arraez editores, s. l.",relatos e historias de amor de la axarquia almeriense,190,1
com una espiral,"ticoluat i coll, anna maria",sant pau serveis grafics,com una espiral,191,1
tierra de vida,"real hurtado, antonioaraujo, joaquin",don quijote 2005 s.a.,tierra de vida,192,1
el campo de montiel,"madrid y medina, angela",iem,el campo de montiel,193,1
la encomienda de portugal en tiempos de pray perez correa,"madrid y medina, angela",centro de historia de universidade de porto,la encomienda de portugal en tiempos de pray perez correa,194,1
automatas en la practica,"matilla solis, fernando","magrana, s.a.",automatas en la practica,195,1
memorias de medio siglo en aragon,"orlandis rovira, jose",biblioteca aragonesa de cultura,memorias de medio siglo en aragon,196,1
escolis a blai bonet,"oliver ferra, jaume",ajuntament calvia,escolis a blai bonet,197,1
guadalajara en dos mundos,"cano banos, soledad","edicya, s.l.",guadalajara en dos mundos,198,1
diccionario de teologia moral,"fernandez fernandez, aurelio",ed. monte carmelo,diccionario de teologia moral,199,1
la cuchara,"enriquez munoz, salvador",ayunamiento de torreperegil,la cuchara,200,1
vigia,"quiroga, manuel",ediciones papuras,vigia,201,1
retablillo del aprendiz y el maestro,"garrido palacios, manuel",ediciones el pirata,retablillo del aprendiz y el maestro,202,1
el arbol del futuro,"garrido palacios, manuel",diputacion de huelva,el arbol del futuro,203,1
antologia consultada de la poesia visual espanola,"beltran, jose carlos",infromacion y producciones,antologia consultada de la poesia visual espanola,204,1
el fracasado,"gonzalez, juan manuel",autor-editor,el fracasado,205,1
a cultura galega en buenos aires (1950-1960),"neira vilas, jose santiago",real academia galega,a cultura galega en buenos aires (1950-1960),206,1
textos de derecho concursal europeo,,"dykinson, s.l.",textos de derecho concursal europeo,207,1
derecho de la propiedad industrial,,"dykinson, s.l.",derecho de la propiedad industrial,208,1
aspectos practicos de la contratacion bancaria,"fernandez sopena, bernardino luis","dykinson, s.l.",aspectos practicos de la contratacion bancaria,209,1
diez anos de la ley cambiaria y del cheque,,"dykinson, s.l.",diez anos de la ley cambiaria y del cheque,210,1
firma electronica y comercio electronico,,"dykinson, s.l.",firma electronica y comercio electronico,211,1
el general y su lata de sardinas,"anson anadon, antonio",circulo de bellas artes de madrid,el general y su lata de sardinas,212,1
la reforma del derecho concursal,,"dykinson, s.l.",la reforma del derecho concursal,213,1
maria dolores aguirre eta euskal...,"urquizu, patri",egan,maria dolores aguirre eta euskal...,214,1
bilduma 18...,"urquizo, patri",bilduma,bilduma 18...,215,1
poder y mentalidades en espana e iberoamerica (siglos xvi-xx). implicaciones y actores sociales,"franco rubio, gloria angeles",maracaibo,poder y mentalidades en espana e iberoamerica (siglos xvi-xx). implicaciones y actores sociales,216,1
grupo 99 esculturas,,ayuntamiento camargo,grupo 99 esculturas,217,1
massimes,"mas i uso, vicent",lemboscall,massimes,218,1
entre ti,"lopez, mario",editorial eros,entre ti,219,1
"sociedad, informacion y concimiento","reig garcia, ramon",red latina de comunicacion social,"sociedad, informacion y concimiento",220,1
bella edad,"barbal, maria concepcion","diagonal, 2003",bella edad,221,1
residencia de olvido,maria del valle rubio,vasija,residencia de olvido,222,1
formacion para la participacion,"del pino artacho, juan",lumen,formacion para la participacion,223,1
curso de electricidad general,pablo alcalde san miguel,thomson-paraninfo,curso de electricidad general,224,1
soneto,"orihuela parrales, antonio",corona del sur,soneto,225,1
die schmetterlinge von cordoba,magdalena lasala,rowwohlt taschenbuch verlag-germany,die schmetterlinge von cordoba,226,1
escritores andaluces por la paz,"lopez cortes, purificacion",chl group,escritores andaluces por la paz,227,1
cuentos con sabor,concha castro... et al.,alin,cuentos con sabor,228,1
consumacion del tiempo,"felix morillon, rufino",cuadernos poeticos kylix,consumacion del tiempo,229,1
sesion continua,"comendador sanchez, luis felipe",ayuntamiento de torredonjimeno,sesion continua,230,1
actas de ls vi jornadas sobre aprendizaje y ensenanza de las matematicas,"casas garcia, luis m",sociedad extremena de educacion matematicas,actas de ls vi jornadas sobre aprendizaje y ensenanza de las matematicas,231,1
alba,mayda antelo,mayda antelo,alba,232,1
las raices simbolistas del art nouveau,"fontbona de vallescar, francesc",universidad de alicante,las raices simbolistas del art nouveau,233,1
despues de tantos anos,"rubio gamez, fanny",huerga fierro,despues de tantos anos,234,1
"la masoneria, al socaire del ferrocarril en asturias","guerra garcia, victor",,"la masoneria, al socaire del ferrocarril en asturias",235,1
la imagen de la union en la obra periodistica de asensio saez,jose a. perez,universidad de alicante,la imagen de la union en la obra periodistica de asensio saez,236,1
formularios y practicas de derecho procesal civil,fernando gomez de liano,"editorial forum, s.a.",formularios y practicas de derecho procesal civil,237,1
the new spanish architecture,anatxu zabalbeascoa,rizzoli ny,the new spanish architecture,238,1
the new spanish architecture,anatxu zabalbeascoa,rizzoli ny,the new spanish architecture,239,1
santa maria del puerto. santona,enrique campuzano ruiz,museo diocesano,santa maria del puerto. santona,240,1
la obra de antonio bonet,federico ortiz miguel angel baldellou,summa nueva vision. sacifi,la obra de antonio bonet,241,1
c. zardoya. miniantologia,eugenio suarez,asociacion prometeo de poesia,c. zardoya. miniantologia,242,1
la transformacio del paisatge del masnou,"gimenez molina, isabel",ajuntament del masnou,la transformacio del paisatge del masnou,243,1
dulce de membrillo,daniel gomez culla,"gomez de culla, daniel",dulce de membrillo,244,1
el perdigon canibal de atapuerca,daniel gomez culla,"gomez de culla, daniel",el perdigon canibal de atapuerca,245,1
canto de todas las voces,fernando toro garland,,canto de todas las voces,246,1
desarrollo institucional y politico de chile,"toro- garland, fernando",las americas publishing company,desarrollo institucional y politico de chile,247,1
el cabildo de santiago en el siglo xvi,"toro-garland, fernando de",ed. universitaria,el cabildo de santiago en el siglo xvi,248,1
la contradiccion en el concejo municipal indiano,"de toro-garland garland, fernando",,la contradiccion en el concejo municipal indiano,249,1
historia de la iglesia hasta el concilio de trento,fernando de toro- garland,editorial universitaria,historia de la iglesia hasta el concilio de trento,250,1
los animales en la cultura extremena : ritulaes y tradicion oral,,,los animales en la cultura extremena : ritulaes y tradicion oral,251,1
modo y canciones del amor ficticio,guillermo carnero,el guadalhorce,modo y canciones del amor ficticio,252,1
barcelona mon amour,guillermo carnero,el guadalhorce,barcelona mon amour,253,1
el azar objetivo,guillermo carnero,mauriciio dors,el azar objetivo,254,1
la actividad turistica espanola en 1995,"monfort mir, vicente manuel",aecit,la actividad turistica espanola en 1995,255,1
don cometa el profeta de los ninos,victor aquiles jimenez,editorial exequiel,don cometa el profeta de los ninos,256,1
pasaporte al dia: 15 cuentos a nivel del mar,victor aquiles jimenez,ediciones exequiel,pasaporte al dia: 15 cuentos a nivel del mar,257,1
el real club nautico de algeciras,cristobal delgado,real club nautio,el real club nautico de algeciras,258,1
veinte maneras de motivar un equipo,alejandro garcia mas,feevale,veinte maneras de motivar un equipo,259,1
assaig general sobre el teatre i el cinema. gandia 1881-1980,josep e. gonga,j.m.borja i mora aj. gandia,assaig general sobre el teatre i el cinema. gandia 1881-1980,260,1
divulgacion y periodismo cientifico: entre la claridad y la exactitud,manuel calvo hernando,unam,divulgacion y periodismo cientifico: entre la claridad y la exactitud,261,1
diccionario de terminos usuales en el periodismo cientifico,manuel calvo,instituto politecnico nacional,diccionario de terminos usuales en el periodismo cientifico,262,1
encuentros mas que cercanos,"jimenez hernandez, victor aquiles",ediciones de exequiel,encuentros mas que cercanos,263,1
the perinatal medicine of the new millenium,"carrera macia, jose ma",monduzzi editore,the perinatal medicine of the new millenium,264,1
ecografia en medicina materno-fetal,"carrera macia, jose ma",editorial masson,ecografia en medicina materno-fetal,265,1
pepe : novela con interferencias,rafael castellano,taurus,pepe : novela con interferencias,266,1
el conde basilio y los fantasmas o el caso de la dentadura postiza,"castellano, rafael (1943-)",planeta,el conde basilio y los fantasmas o el caso de la dentadura postiza,267,1
monologos teatrales cubanos,"garzon cespedes, francisco",letras cubanas,monologos teatrales cubanos,268,1
cuentos para aprender a contar,francisco garzon cespedes,libros del olmo,cuentos para aprender a contar,269,1
cuentos para un mordisco,francisco garzon cespedes,oralidad escnica y desarrollo modular,cuentos para un mordisco,270,1
cuentos que cuento en la pena,"garzon cespedes, francisco",,cuentos que cuento en la pena,271,1
"cupido juglar, el nino mas travieso","gustavo novo hernandez, francisco garzon cespedes",gente nueva,"cupido juglar, el nino mas travieso",272,1
"cupido juglar, mensajero de la ternura","gustavo novo hernandez, francisco garzon cespedes",amaquemecan,"cupido juglar, mensajero de la ternura",273,1
modulaciones : poemas experimentales,francisco garzon cespedes,oralidad escenica y desarrollo modular,modulaciones : poemas experimentales,274,1
redoblante cuentero,francisco garzn cspedes,gente nueva,redoblante cuentero,275,1
teatrinos : seis piezas para jvenes manuel galich,"garzon cespedes, francisco",gente nueva,teatrinos : seis piezas para jvenes manuel galich,276,1
teatro,"felipe, carlos",letras cubanas,teatro,277,1
teatro jos a. ramos,seleccion y prologo de francisco garzon cespedes,arte y literatura,teatro jos a. ramos,278,1
el teatro latino americano de creacin colectiva,"garzon cespedes, francisco",casa de las americas,el teatro latino americano de creacin colectiva,279,1
"cantos a la revolucion, al pueblo y al amor","garzon cespedes, francisco",espiral,"cantos a la revolucion, al pueblo y al amor",280,1
"amor,donde sorprenden gaviotas","garzon cespedes, francisco",minima-narrativa,"amor,donde sorprenden gaviotas",281,1
el teatro de participacion popular y el teatro de la comunidad: un teatro de sus protagonistas.,"garzon cespades, francisco.",union de escritores y artistas de cuba,el teatro de participacion popular y el teatro de la comunidad: un teatro de sus protagonistas.,282,1
redoblante cuenta que te cuenta,francisco garzon cespedes,gente nueva,redoblante cuenta que te cuenta,283,1
un nino de la patria,francisco garzon cespedes,ministerio de educacion,un nino de la patria,284,1
"raul, el tirapiedras y la bola de barro","garzon cespedes, francisco",gente nueva,"raul, el tirapiedras y la bola de barro",285,1
desde los organos de punteria,francisco garzon cespedes,ediciones union,desde los organos de punteria,286,1
a mi no me pintes girasoles,francisco garzon cespedes,ediciones de la universidad iberoamericana,a mi no me pintes girasoles,287,1
amar es abrir las puertas,francisco garzon cespedes,libreria ateneo,amar es abrir las puertas,288,1
tres colecciones de textos visuales,francisco garzon cespedes,catedra,tres colecciones de textos visuales,289,1
teatro de cesar rengifo,"garzon cespedes, francisco",casa de americas,teatro de cesar rengifo,290,1
teatro de enrique buenaventura,"garzon cespedes, francisco",casa de las americas,teatro de enrique buenaventura,291,1
cuentos de emilio diaz valcarcel,"garzon cespedes, francisco",casa de las americas,cuentos de emilio diaz valcarcel,292,1
o ano de 1993,jose saramago,,o ano de 1993,293,1
o ano de 1993,jose saramago,futura,o ano de 1993,294,1
a bagagem do viajante,jose saramago.,,a bagagem do viajante,295,1
"euskal poesiaren kritika, 2002",jon kortazar,olerti etxea,"euskal poesiaren kritika, 2002",296,1
poesia y prosa religiosa en espana,"lastra gonzalez-llamazares, susana marta",editorial colihue,poesia y prosa religiosa en espana,297,1
historia dunha fotografia de xoguete,marcos vilarino,centro de estudos fotograficos,historia dunha fotografia de xoguete,298,1
cocinas del mundo. tailandia,"cusido mari, judit",ediciones circo,cocinas del mundo. tailandia,299,1
x anys de jornades culturals,,"ampa, ceip teresa salvat i llaurado",x anys de jornades culturals,300,1
que facil es... crear con papel mache,,"bestselia, s.a.",que facil es... crear con papel mache,301,1
guia de londres,,acento,guia de londres,302,1
anuario 2002 region de murcia,"tomas frutos, juan",asociacion de la prensa de murcia,anuario 2002 region de murcia,303,1
obreros somos,,altaffaylla,obreros somos,304,1
obreros somos,"esparza zabalegi, jose maria",altaffaylla,obreros somos,305,1
la crisis del campo socialista,"boffa, giuseppe",era,la crisis del campo socialista,306,1
sociologia : estudio del hombre en sociedad,b. rose,uteha,sociologia : estudio del hombre en sociedad,307,1
fundamentos de la libertad,durward v. sandifer y l. ronald scheman,uteha,fundamentos de la libertad,308,1
historiadores y diplomaticos : el papel de la historia y de los historiadores en la politica exterior norteamericana,comp. francis l. loewenheim colab. herbert geis... et al.,union tipografica editorial hispano americana,historiadores y diplomaticos : el papel de la historia y de los historiadores en la politica exterior norteamericana,309,1
antologia de las ideas politicas,"ortuno, manuel",edit. renacimiento,antologia de las ideas politicas,310,1
fundamentos de la economia moderna,,uteha,fundamentos de la economia moderna,311,1
antologia,"llavador piernas, josefa",publicaciones del seminario de literatura inem,antologia,312,1
la viole et lor ou les amours veritables de guillem de cabestany,renada-laura portet,minuprint,la viole et lor ou les amours veritables de guillem de cabestany,313,1
els noms de lloc del rossello,renada laura portet,cedacc,els noms de lloc del rossello,314,1
toponimia rossellonesa,renada laura portet,,toponimia rossellonesa,315,1
carlos iii cuenta su noche de bodas,luis espanol bouche,luis espanol,carlos iii cuenta su noche de bodas,316,1
poemas emancipados,raquel guidi de elordi,editorial guadalupe,poemas emancipados,317,1
a una ciudad que puede ser la tuya,raquel guidi elordi,ediciones crisol,a una ciudad que puede ser la tuya,318,1
salvador espriu i andorra,antoni morell,banca reig,salvador espriu i andorra,319,1
agridulce,dimas coello,litomaype,agridulce,320,1
amor y disciplina,dimas coello,grafiper,amor y disciplina,321,1
resumen historico-bibliografico,"ortuno martinez, manuel",era,resumen historico-bibliografico,322,1
movimientos juveniles en europa y estados unidos,"ortuno martinez, manuel",direccion general de prensa,movimientos juveniles en europa y estados unidos,323,1
sindicalismo estudiantil,"ortuno martinez, manuel",departamento nacional del intercambio cultural,sindicalismo estudiantil,324,1
"manuel eduardo de gorostiza, hispano-mexicano, romantico y liberal",manuel ortuno,asociacion cultural de amistad hispano-mexicana,"manuel eduardo de gorostiza, hispano-mexicano, romantico y liberal",325,1
"turismo, medio ambiente y empleo","ortuno martinez, manuel",cosejo de europa,"turismo, medio ambiente y empleo",326,1
"madrid, 1992: vertice de un triangulo excepcional",manuel ortuno,editur,"madrid, 1992: vertice de un triangulo excepcional",327,1
el exilio espanol y el mundo de los libros,"ortuno martinez, manuel",universidad de guadalajara. mexico,el exilio espanol y el mundo de los libros,328,1
ii congreso internacional nueva espana y el caribe,"ortuno martinez, manuel",,ii congreso internacional nueva espana y el caribe,329,1
proyecto de manifiesto verde,txillardegi,"hordago, ciboure",proyecto de manifiesto verde,330,1
labartzari agur,txillardegi,,labartzari agur,331,1
memories of leturia,txillardegi,basque american foundation,memories of leturia,332,1
de un mito a una boda,miguel angel mari uriol,uriol,de un mito a una boda,333,1
he decidido seguir viviendo...,"de aguilar-amat castillo, ana",universidadde guadalajara,he decidido seguir viviendo...,334,1
datando lembranzas,maria xose lamas,fundacion manuel maria da terracha,datando lembranzas,335,1
centenari i vida de pere pruna,"da rosa lopez, fanny",rainbow art studio,centenari i vida de pere pruna,336,1
vi certamen internacional fundacion ciudad de requena,"garcia teba, francisco javier",ayuntamiento de requena,vi certamen internacional fundacion ciudad de requena,337,1
estudios galego-brasileiros,"tato fontaina, laura",h.p. comunicacao,estudios galego-brasileiros,338,1
risalat,ricardo bermejo,ayuntamiento de lepe,risalat,339,1
antologia poetica desde la postmodernidad,victoria garcia,lord byron ediciones,antologia poetica desde la postmodernidad,340,1
antologia: nueva poesia hispanoamericana,victoria garcia,lord byron ediciones,antologia: nueva poesia hispanoamericana,341,1
antologia: nueva poesia hispanoamericana,victoria garcia,lord byron ediciones,antologia: nueva poesia hispanoamericana,342,1
ferias de teatro del estado espanol,pedro alberto marcos lucas,edicion de la coordinadora de ferias de teatro,ferias de teatro del estado espanol,343,1
travelling,luis felipe comendador,ayuntamiento de talavera de la reina,travelling,344,1
la casa deshabitada,teresa barbero,ayuntamiento de talavera,la casa deshabitada,345,1
la lengua y la literatura en la publicidad,isidoro arroyo almaraz,ediciones del laberinto,la lengua y la literatura en la publicidad,346,1
la letra prohibida,"veron gormaz, jose",certeza,la letra prohibida,347,1
iberdrola en fundamentos de mk,antonio carlos cuenca,"mcgraw-hill / interamericana de espana, s.a.",iberdrola en fundamentos de mk,348,1
austria,"padilla galvez, jesus",secretaria de estado de comercio y turismo,austria,349,1
homenaje a antonio dominguez ortiz,,,homenaje a antonio dominguez ortiz,350,1
poemas a compostela,manuel marin,"compostela, s.a.",poemas a compostela,351,1
ix encuentros con la poesia,"lopez mozo, jeronimo",fundacion rafael alberti,ix encuentros con la poesia,352,1
la excepcion y la regla,"cremades cascales, antonio",grupo el olivo,la excepcion y la regla,353,1
conferencies de les jornades de commemoracio i estudi de leclipsi total de sol a la mallorca de 1905,joan march,societat de historia de les illes baleares,conferencies de les jornades de commemoracio i estudi de leclipsi total de sol a la mallorca de 1905,354,1
compact 2005,,universidad catolica nuestra senora de la asuncion,compact 2005,355,1
campesinado y participacion social,"torres vila, maria caridad",universidad de la habana,campesinado y participacion social,356,1
desarrollo rural y participacion,"torres vila, maria caridad",universidad de la habana,desarrollo rural y participacion,357,1
cooperativismo rural y participacion social,"torres vila, maria caridad",universidad de la habana,cooperativismo rural y participacion social,358,1
poemas de amor,pura vazquez...et. al.,torculo edicions,poemas de amor,359,1
viaje al centro del mundo,"alamo, antonio",omega,viaje al centro del mundo,360,1
cxotinha sabe pintar-se ben,"babarro gonzalez, juan fernandez martinez, ana maria",everest,cxotinha sabe pintar-se ben,361,1
osito algodones,"fernandez martinez, ana maria",bruno,osito algodones,362,1
dona gansa gansa,"fernandez martinez, ana maria",bruno,dona gansa gansa,363,1
athletic club. libro oficial temporada 2004-2005,,el correo espanol,athletic club. libro oficial temporada 2004-2005,364,1
protoevanxeo do neto de herodes,"grana villar, bernardino",la voz de galicia s.a.,protoevanxeo do neto de herodes,365,1
historia del taxi de madrid,javier leralta,silex ediciones,historia del taxi de madrid,366,1
los corvidos y la agricultura,,c.o.d.a.,los corvidos y la agricultura,367,1
comunicacion,m. bunge,forja,comunicacion,368,1
parapsicologia,r. chauvin,aguilar,parapsicologia,369,1
historia de la literatura clasica,,forja,historia de la literatura clasica,370,1
"ivain, el caballero del leon",,c. de troyes,"ivain, el caballero del leon",371,1
el espejo. ensayo sobre una teoria cientifica,baltrusaitis,grech,el espejo. ensayo sobre una teoria cientifica,372,1
el islam de los romanticos,c. grossir,grech,el islam de los romanticos,373,1
la inquisicion medieval,j.r. smith,forja,la inquisicion medieval,374,1
las cruzadas,varios,eiciones forja,las cruzadas,375,1
cronicas y reportajes cientificos divulgativos,,gruner,cronicas y reportajes cientificos divulgativos,376,1
cantos de chamanes mongoles,,bitzoc-baltar,cantos de chamanes mongoles,377,1
creando la ensenanza personalizada,,,creando la ensenanza personalizada,378,1
breakthrough y otros,,greenpeace,breakthrough y otros,379,1
proteccion juridica del menor,varios,m.j.-c.p.,proteccion juridica del menor,380,1
"genero, etnicidad, raza y clase",n.yuval-davis,e-quality matters,"genero, etnicidad, raza y clase",381,1
conocimiento de la diferencia y feminismo,a. phoenix,e-quality matters,conocimiento de la diferencia y feminismo,382,1
the modernisation of public administration in the european integration process,"calonge velazquez, antonio",all beck,the modernisation of public administration in the european integration process,383,1
colaboracion empresarial y feminismo,l. ruijgers,e-quality matters,colaboracion empresarial y feminismo,384,1
prensa y creacion de estereotipos,l. ruijgers,e-quality matters,prensa y creacion de estereotipos,385,1
los hombres no son un extra opcional,l. ruijgers,e-quality matters,los hombres no son un extra opcional,386,1
"escasez de destrezas, las mujeres y las nti",t. rees,university of wales,"escasez de destrezas, las mujeres y las nti",387,1
las nuevas tecnologias de la informacion,t.rees,university of wales,las nuevas tecnologias de la informacion,388,1
la tecnologia y la relacion humana,t. rees,london university,la tecnologia y la relacion humana,389,1
salvando la naturaleza,m. colchester,w.r.m.- u.n.r.i.s.d.,salvando la naturaleza,390,1
percepcion y comprension humanas,university of wisconsin,,percepcion y comprension humanas,391,1
fisiologia de la percepcion,varios,,fisiologia de la percepcion,392,1
psicologia de la percepcion,varios,texas am university,psicologia de la percepcion,393,1
guardianes de la tierra sagrada,varios,survival internacional,guardianes de la tierra sagrada,394,1
centrales de turbinas de gas,varios,alstom - e.g.t.,centrales de turbinas de gas,395,1
el sector internacional no lucrativo,varios,johns hopkins university,el sector internacional no lucrativo,396,1
planificacion para los futuros familiares,varios,johns hopkins university,planificacion para los futuros familiares,397,1
indigenas de las americas,varios,survival international,indigenas de las americas,398,1
manuales de economia farmaceutica,varios,eli lilly and co.,manuales de economia farmaceutica,399,1
hacia la unidad de europa,f. unger,wordworks,hacia la unidad de europa,400,1
la proteccion de la infancia,k. aga khan,wordworks,la proteccion de la infancia,401,1
el semblante de europa,k. schmidt,wordworks,el semblante de europa,402,1
estimacion de las necesidades de capital,e. van lommel,wordworks,estimacion de las necesidades de capital,403,1
la aportacion catolica a la unidad de europa,,wordworks,la aportacion catolica a la unidad de europa,404,1
manuales del cocinero de hosteleria,varios,wordworks,manuales del cocinero de hosteleria,405,1
el fantasma de barcelona,j. reda,bitzoc-baltar,el fantasma de barcelona,406,1
diccionario critico de cinematografia mundial,varios,uq-nl,diccionario critico de cinematografia mundial,407,1
los derechos indigenas en venezuela,m. colchester,,los derechos indigenas en venezuela,408,1
guia para la politica forestal mundial de los pueblos indigenas,t.w. griffiths,w.r.m.-f.p.p.,guia para la politica forestal mundial de los pueblos indigenas,409,1
"gobernanza correcta, pueblos indigenas y conservacion de la biodiversidad",,w.w.f.-b.s.p.,"gobernanza correcta, pueblos indigenas y conservacion de la biodiversidad",410,1
las mejores practicas de donantes para la sociedad civil y conservacion de la biodiversidad,,w.w.f.-b.s.p.,las mejores practicas de donantes para la sociedad civil y conservacion de la biodiversidad,411,1
la participacion indigena en el unced,j.b. henriksen,w.r.m.-u.n.c.e.d.,la participacion indigena en el unced,412,1
las preocupaciones de los pueblos indigenas,varios,w.r.m.-i.a.i.t.p.t.f.,las preocupaciones de los pueblos indigenas,413,1
el convenio mundial sobre biodiversidad,varios,w.r.m.-u.n.c.e.d.,el convenio mundial sobre biodiversidad,414,1
"bosques, biodiversidad y pueblos indigenas",varios,wrm-unrisd,"bosques, biodiversidad y pueblos indigenas",415,1
"bosques, areas protegidas y pueblos indigenas",varios,wrm-iwgia,"bosques, areas protegidas y pueblos indigenas",416,1
gestion de la biodiversidad,varios,wrm-unced,gestion de la biodiversidad,417,1
control total de la calidad,varios,dti,control total de la calidad,418,1
manueles de prevencion e informacion sobre drogas,varios,jellinek preventie,manueles de prevencion e informacion sobre drogas,419,1
metodo de estudio y ejercicios para la formacion de la voz,f.c.field hyde,j.w.,metodo de estudio y ejercicios para la formacion de la voz,420,1
derechos indigenas de propiedad cultural e intelectual,m. colchester,wrm-unced,derechos indigenas de propiedad cultural e intelectual,421,1
exclusion social indigena y supremacia del desarrollo,varios,wrm-iaitptf,exclusion social indigena y supremacia del desarrollo,422,1
la situacion de los indigenas mapuche-pewenche,varios,wrm-fpp-fsc,la situacion de los indigenas mapuche-pewenche,423,1
el caso del embalse de alta en noruega,varios,wrm-wcgd,el caso del embalse de alta en noruega,424,1
el caso del proyecto hidroelectrico de bakun,varios,wrm-wcgd,el caso del proyecto hidroelectrico de bakun,425,1
el comite mundial de grandez embalses,varios,wrm-wcgd,el comite mundial de grandez embalses,426,1
la necesidad del control de las empresas maderedas transnacionales,varios,wrm-the forest,la necesidad del control de las empresas maderedas transnacionales,427,1
empresas mineras canadienses en los bosques del mundo,varios,wrm-the forests,empresas mineras canadienses en los bosques del mundo,428,1
la tecnologia genetica terminator,m. crouch,indiana university,la tecnologia genetica terminator,429,1
informe tecnico monsanto,varios,indiana university,informe tecnico monsanto,430,1
protocolos tecnicos,varios,schindler ag,protocolos tecnicos,431,1
"decretos, prelas de sabiduria y otros textos",varios,the summit lighthouse,"decretos, prelas de sabiduria y otros textos",432,1
manuales de medicina ayurvedica contemporanea,m. colchester,churchill livingstone,manuales de medicina ayurvedica contemporanea,433,1
pueblos indigenas y biodiversidad,,wwf,pueblos indigenas y biodiversidad,434,1
"pueblos indigenas, bosques y el banco mundial: politicas y practicas",varios,wrm-fpp,"pueblos indigenas, bosques y el banco mundial: politicas y practicas",435,1
proyectos del banco mundial y pueblos indigenas de ecuador y bolivia,t. griffiths,wrm-fpp,proyectos del banco mundial y pueblos indigenas de ecuador y bolivia,436,1
estudio de casos bsp en ecuador y bolivia,varios,wwf,estudio de casos bsp en ecuador y bolivia,437,1
la conservacion de la biodiversidad y la democracia,varios,wwf,la conservacion de la biodiversidad y la democracia,438,1
derechos de los pueblos indigenas y politicas forestales,varios,wwf,derechos de los pueblos indigenas y politicas forestales,439,1
"tsunami, doce meses despues",m. diamond,plan,"tsunami, doce meses despues",440,1
un dios sociable,ken wilber,"editorial kairos, s.a.",,441,1
olvidame despues,"tellado, corin",bruguera,olvidame despues,442,1
tu me diste la felicidad,"tellado, corin",bruguera,tu me diste la felicidad,443,1
no me compadezcas,"tellado, corin",ruguera,no me compadezcas,444,1
dejame hacerte feliz,"tellado, corin",bruguera,dejame hacerte feliz,445,1
te encontre para esto,"tellado, corin",bruguera,te encontre para esto,446,1
su alteza real,"tellado, corin",bruguera,su alteza real,447,1
quiero casarme con ella,"tellado, corin",bruguera,quiero casarme con ella,448,1
papa y su novia,"tellado, corin",bruguera,papa y su novia,449,1
otra vez contigo,"tellado, corin",bruguera,otra vez contigo,450,1
orgullo y soberbia,"tellado, corin",bruguera,orgullo y soberbia,451,1
"olvidame, paula","tellado, corin",bruguera,"olvidame, paula",452,1
nos casaremos,"tellado, corin",bruguera,nos casaremos,453,1
no te juzgo,"tellado, corin","bruguera,",no te juzgo,454,1
no te enamores muchacha,corin tellado,bruguera,no te enamores muchacha,455,1
estudios de periodistica 3. ponencias y comunicaciones del iii congreso de la sociedad espanola de periodistica,"martin algarra, manuel edo bolos, concepcion",ulzama,estudios de periodistica 3. ponencias y comunicaciones del iii congreso de la sociedad espanola de periodistica,456,1
don buho cuenta historias,miguel angel mendo,circulo de lectores,don buho cuenta historias,457,1
palabras sin historia,anibal ivan matos cintron,ediciones la sierra,palabras sin historia,458,1
no te enamores muchacha,corin tellado,bruguera,no te enamores muchacha,459,1
no seas orgulloso,"tellado, corin",bruguera,no seas orgulloso,460,1
no permitas que te ofenda,corin tellado,bruguera,no permitas que te ofenda,461,1
mi mala intencion,"tellado, corin",bruguera,mi mala intencion,462,1
mag se caso,"tellado, corin",bruguera,mag se caso,463,1
luz roja para el amor,"tellado, corin",bruguera,luz roja para el amor,464,1
la otra,"tellado, corin",bruguera,la otra,465,1
la espera y el triunfo,"tellado, corin",bruguera,la espera y el triunfo,466,1
he vuelto,"tellado, corin",bruguera,he vuelto,467,1
futuro incierto,"tellado, corin",bruguera,futuro incierto,468,1
corin tellado,,bruguera,corin tellado,469,1
corin tellado,"tellado, corin",bruguera,corin tellado,470,1
felicidad,corin tellado,bruguera,felicidad,471,1
encontre a mi mujer,corin tellado,bruguera,encontre a mi mujer,472,1
empezo sin querer,"tellado, corin",bruguera,empezo sin querer,473,1
ella y su jefe,"tellado, corin",bruguera,ella y su jefe,474,1
ella y los hombres,"tellado, corin",bruguera,ella y los hombres,475,1
dime la verdad,"tellado, corin",bruguera,dime la verdad,476,1
el destino de una huida,"tellado, corin",bruguera,el destino de una huida,477,1
dejame vivir,corin tellado,bruguera,dejame vivir,478,1
deja que te ame,"tellado, corin",bruguera,deja que te ame,479,1
bendita tu,"tellado, corin",bruguera,bendita tu,480,1
aventura inesperada,"tellado, corin",bruguera,aventura inesperada,481,1
aquella calumnia,"tellado, corin",bruguera,aquella calumnia,482,1
algun dia volvere,"tellado, corin",bruguera,algun dia volvere,483,1
"adios, susana","tellado, corin",bruguera,"adios, susana",484,1
volvere aqui /,,bruguera,volvere aqui /,485,1
la menace des harmoniques,manuel anton,mge ups systems,la menace des harmoniques,486,1
harmonics handbook,manuel anton,mge ups systems,harmonics handbook,487,1
las espanas : revista literaria vol.ii,fundacion pablo iglesias,fundacion pablo iglesias,las espanas : revista literaria vol.ii,488,1
de las medidas precautorias al proceso cautelar civil: una necesidad ineudible,silvia barona,el pais,de las medidas precautorias al proceso cautelar civil: una necesidad ineudible,489,1
supuestos de consolidacion contable,javier garcia merida,"editorial tebar, s.l.",supuestos de consolidacion contable,490,1
carta a un celebre critico literario,"rivero vivas, jose",,carta a un celebre critico literario,491,1
vol de dol,"sabater, josep",penombra dargent-editorial,vol de dol,492,1
egin dezagun ortu bat,,bige,egin dezagun ortu bat,493,1
banco de ideas:...,jesus diez pouso,a. est. geobiol,banco de ideas:...,494,1
banco de ideas:...,jesus diez pouso,as. est. geobiol,banco de ideas:...,495,1
son efectivos los...,"diez pouso, jesus",as. est. geobiol.,son efectivos los...,496,1
libros,jesus diez pouso,as. est. geobiol.,libros,497,1
la calidad de los alimentos,jesus diez pouso,,la calidad de los alimentos,498,1
ley de enjuiciamiento criminal y otras normas procesales penales,josep manel medrano molina,consejo valenciano de colegios de abogados,ley de enjuiciamiento criminal y otras normas procesales penales,499,1
expropiacion forzosa: el justiprecio: guia practica y jurisprudencia,miguel lopez-muniz goni,"editorial constitucion y leyes, s.a.",expropiacion forzosa: el justiprecio: guia practica y jurisprudencia,500,1
antologia de la poesia cosmica,nicolas del hierro,frente de afiramcion hispanista,antologia de la poesia cosmica,501,1
la defensa de la tesis,"lopez yepes, jose",mediaworks,la defensa de la tesis,502,1
guide of postgraduate study in europe,"sanchez garcia, maria fe",hobsons publishing plc,guide of postgraduate study in europe,503,1
estudios sobre documentacion en ciencias de la informacion,"lopez yepes, jose",instituto nacional de publicaciones,estudios sobre documentacion en ciencias de la informacion,504,1
educacion secundaria,"salvador mata, francisco",marfil,educacion secundaria,505,1
tecnologia informatica 3,,anaya,tecnologia informatica 3,506,1
tecnologia informatica 3,"yebes lopez, elvira martinez valero, julian ferro sanchez, maria piedad",anaya,tecnologia informatica 3,507,1
carretera ensin barru,naciu varillas,trabe,carretera ensin barru,508,1
ats/due del servicio de salud de la comunidad de madrid,"ochoa guerra, odette","editorial mad, s.l.",ats/due del servicio de salud de la comunidad de madrid,509,1
"el programa comprender y transformar: bases, metodologia y evaluacion",isabel de los reyes rodriguez,repiso,"el programa comprender y transformar: bases, metodologia y evaluacion",510,1
el delito de tenencia ilicita de armas,jullio diaz-maroto,colex,el delito de tenencia ilicita de armas,511,1
los programas de diversificacion,"blanchard gimenez, maria mercedes",instituto de estudios pedagogicos somosaguas,los programas de diversificacion,512,1
curso de derecho administrativo (i),tomas ramon fernandez,civitas,curso de derecho administrativo (i),513,1
principi di diritto amministrativo,tomas ramon fernandez,giuffre,principi di diritto amministrativo,514,1
curso de derito administrativo,tomas ramon fernandez,editora revista dos tribunais,curso de derito administrativo,515,1
monologos de dos continentes,"dorado aguilar, maria yolanda","corregidor,",monologos de dos continentes,516,1
ahora no te quiero,"tellado, corin",talleres graficos de editorial bruguera,ahora no te quiero,517,1
vuelve a mi,"tellado, corin","bruguera,",vuelve a mi,518,1
"dejame adorarte, isabel",corin tellado,bruguera,"dejame adorarte, isabel",519,1
el secreto de mildred,corin tellado,bruguera,el secreto de mildred,520,1
tres amores,"tellado, corin",bruguera,tres amores,521,1
"ten cuidado, irene",corin tellado,bruguera,"ten cuidado, irene",522,1
te presento a mi marido,corin tellado,bruguera,te presento a mi marido,523,1
se solicita enfermera,corin tellado,bruguera,se solicita enfermera,524,1
recuerdo del pasado,corin tellado,bruguera,recuerdo del pasado,525,1
querian casarse,corin tellado,,querian casarse,526,1
orgullo sin venganza,corin tellado,bruguera,orgullo sin venganza,527,1
ojos bonitos,corin tellado,bruguera,ojos bonitos,528,1
odio en la aldea,corin tellado,bruguera,odio en la aldea,529,1
no te engane,corin tellado,bruguera,no te engane,530,1
no te cases con el,corin tellado,bruguera,no te cases con el,531,1
no debo quererte,corin tellado,bruguera,no debo quererte,532,1
los gemelos,"tellado, corin",bruguera,los gemelos,533,1
las dudas de celia,corin tellado,bruguera,las dudas de celia,534,1
la prometida de clint,corin tellado,bruguera,la prometida de clint,535,1
la profesora,corin tellado,bruguera,la profesora,536,1
la casa de los solteros,corin tellado,bruguera,la casa de los solteros,537,1
hasta aquel dia,corin tellado,bruguera,hasta aquel dia,538,1
entre marido y mujer,corin tellado,bruguera,entre marido y mujer,539,1
aquella muchacha,corin tellado,bruguera,aquella muchacha,540,1
bendita seas,corin tellado,bruguera,bendita seas,541,1
no quiero a esta mujer,corin tellado,rollan,no quiero a esta mujer,542,1
no quiero a esta mujer,corin tellado,bruguera,no quiero a esta mujer,543,1
por que no eres como todos,corin tellado,,por que no eres como todos,544,1
es este mi marido,corin tellado,bruguera,es este mi marido,545,1
... y sono su felicidad,corin tellado,bruguera,... y sono su felicidad,546,1
la noche trajo un amor,"tellado, corin",bruguera,la noche trajo un amor,547,1
una mujer ambiciosa,corin tellado,bruguera,una mujer ambiciosa,548,1
comprare un marido,corin tellado,bruguera,comprare un marido,549,1
casemonos,corin tellado,bruguera,casemonos,550,1
corazon toruturado,corin tellado,bruguera,corazon toruturado,551,1
cupido se burlo de mary-dena,corin tellado,bruguera,cupido se burlo de mary-dena,552,1
diablillo,corin tellado,bruguera,diablillo,553,1
dos almas recias,corin tellado,bruguera,dos almas recias,554,1
dos rostros y una mujer,corin tellado,bruguera,dos rostros y una mujer,555,1
el destino manda,corin tellado,bruguera,el destino manda,556,1
secreto matrimonial,"tellado, corin",bruguera,secreto matrimonial,557,1
el doloroso ayer,corin tellado,bruguera,el doloroso ayer,558,1
nuestra cocina i,"fidalgo sanchez, jose antonio","principado, s.l.",nuestra cocina i,559,1
mensajes a la humanidad,"ugalde miguel, jesus maria",edobol,mensajes a la humanidad,560,1
traumatismos craneoencefalicos,luis carlos redondo castan,"formacion alcala, s.l.",traumatismos craneoencefalicos,561,1
o direito de a cooperacao iberica ii,"carbajo cascon, fernando",campo das letras,o direito de a cooperacao iberica ii,562,1
voces del extremo,"munoz alvarez, vicente manuel",fundacion juan ramon jimenez,voces del extremo,563,1
el dolor de sentir,igancio fernandez lopez,"editorial amarantos, s.c.p.",el dolor de sentir,564,1
el teatro de juan antonio castro,abraham madronal,ayuntamiento de talavera,el teatro de juan antonio castro,565,1
la maldicion de scheherazade,"millares martin, selena",bulzoni,la maldicion de scheherazade,566,1
los ciegos del concorde,"aroca sanz, juan",heliodoro,los ciegos del concorde,567,1
la fascinante historia del movimiento continuo,"aroca sanz, juan",uteha,la fascinante historia del movimiento continuo,568,1
el canguro cleptomano,"aroca sanz, juan",oasis,el canguro cleptomano,569,1
"la economia aragonesa, a estudio","dominguez lasierra, juan",heraldo de aragon,"la economia aragonesa, a estudio",570,1
as normas ortograficas e morfoloxicas da lingua galega,xose feixo,"edicions do cumio, s.a.",as normas ortograficas e morfoloxicas da lingua galega,571,1
benito lertxundi: orioko bardoa aitorpen eta testigantzak,,la voz del folk,benito lertxundi: orioko bardoa aitorpen eta testigantzak,572,1
miercoles,"castel de lucas, gustavo",ayuntamiento de castellon de la plaza,miercoles,573,1
"arte y estetica, metaforas de la identidad","mina astiz, jose javier",diputacion foral de guipuzcoa,"arte y estetica, metaforas de la identidad",574,1
cumbre 1- libro del alumno (italia),"cantos gomez, pascual",sgel,cumbre 1- libro del alumno (italia),575,1
el mercado interbancario espanol: funcionamiento y significacion para una entidad de deposito.,"gonzalez velasco, maria del carmen",servicio de publicaciones universidad de leon,el mercado interbancario espanol: funcionamiento y significacion para una entidad de deposito.,576,1
o direito das successoes,"lopez-rendo rodriguez, carmen fernandez barreiro, alejandrino",coimbra editora,o direito das successoes,577,1
mujeres artistas,,taschen,mujeres artistas,578,1
xvii certamen de cuentos villa de lodosa,"blanco rodriguez, mercedes-aurora",ayuntamiento de lodosa,xvii certamen de cuentos villa de lodosa,579,1
el territorio de la mancha,"sampedro, jose luis",alfaguara,el territorio de la mancha,580,1
desde la frontera,"sampedro, jose luis",real academia espanola,desde la frontera,581,1
"a lo mejor, mujer","eines, jorge",la avispa,"a lo mejor, mujer",582,1
sur-south,silvia cuevas ramon cuelho,vindicacion feminista. publicaciones,sur-south,583,1
sobre el horizonte-over the horizon,,vindicacion feminista. publicaciones,sobre el horizonte-over the horizon,584,1
la hora mas oscura emma atardeceres: tres obras de teatro,lidia falcon,vindicacion feminista. publicaciones,la hora mas oscura emma atardeceres: tres obras de teatro,585,1
utopia,"marquez cabrera, francisco",m.e. editores,utopia,586,1
"els marges, 42",august bover font,,,587,1
,rafael santos torroella,,,588,1
"surrealismo, el ojo soluble",rafael santos torroella,,,589,1
logic colloquinm87,manuel garrido gimenez,north-holland,logic colloquinm87,590,1
...sansing.....,"eugenio gonzalez, francisco",proquest,...sansing.....,591,1
el secreto tibetano de la eterna juventud,,,el secreto tibetano de la eterna juventud,592,1
,ian keith gibson ritchie,,,593,1
free time english 5,"hearn, izabella",pearson educacion,free time english 5,594,1
neuroderelopmentia ging and cognition,adolfo toledano gasca,"birkhauser, boston-basel-berlin",neuroderelopmentia ging and cognition,595,1
"refiguring spain: cinema, media, represaentation","zabaleta urkiola, inaki",duke university press,"refiguring spain: cinema, media, represaentation",596,1
,antonio martinez ballesteros,,,597,1
el ingles simplificado,,hugo language book,el ingles simplificado,598,1
,,,,599,1
raices y alas (poesia para ninos y jovenes),nieves del rosario rubio,ediciones universal,raices y alas (poesia para ninos y jovenes),600,1
la loba,mario luis lopez,self-publislod,la loba,601,1
antologia poetica bilingue,mario andino,academia,antologia poetica bilingue,602,1
guia de especies vegetales y avifauna de tres cantos,"jimenez claudin, rafael",rafael jimenez claudin,guia de especies vegetales y avifauna de tres cantos,603,1
el capo y las amazonas,"lopez, mario luis",northeastern univ. press chicago,el capo y las amazonas,604,1
gabo and fidel,"esteban porras del campo, angel panichelli, stephanie",planeta,gabo and fidel,605,1
,eliseo antonio bayo poblador,,,606,1
borrado: un siglo de cine espanol,roman gubern garriga-nogues,academia de las artes y las ciencias cinematografi,,607,1
,daniel cortezon alvarez,,,608,1
"epetiris tis etereias biotikon meleton, ii.2",luis agustin garcia moreno,,"epetiris tis etereias biotikon meleton, ii.2",609,1
o tratado de alcanices e a importancia historica das terras de riba coa,"braga da cruz, manuel garcia moreno, luis agustin",universidade catolica editora,o tratado de alcanices e a importancia historica das terras de riba coa,610,1
il boccone del cardinale,jaume cabre fabre,,il boccone del cardinale,611,1
,nicholas charles randall inman,,,612,1
4 a 4 special intensif (libro del profesor),francois stanislas makowski,laurousse,4 a 4 special intensif (libro del profesor),613,1
fundamentos y razon del sindicalismo,jesus martinez cajal,,fundamentos y razon del sindicalismo,614,1
"vocacion, fidelidad y cambio",jaume pujol i bardolet,,"vocacion, fidelidad y cambio",615,1
guia de lectura columna jove 000,josepa angles soronellas,,guia de lectura columna jove 000,616,1
bernanos et la guerre despagne,josep massot muntaner,"publicacions abadia montserrat, s.a.",bernanos et la guerre despagne,617,1
,,,,618,1
,,,,619,1
,,,,620,1
,,,,621,1
contes infantiles,"hidalgo gonzalez, manuel",du povergue,contes infantiles,622,1
"industry, man and landscape",jose miguel santacreu soler,t.i.c.c.i.h.,"industry, man and landscape",623,1
,enric larreula vidal,,,624,1
narrativa contemporanea en lengua neerlandesa,,stichting ons erfdeel,narrativa contemporanea en lengua neerlandesa,625,1
communication research and media sciencie in europe,"zabaleta urkiola, inaki",mouton de cruyter,communication research and media sciencie in europe,626,1
arbeitsrecht in der kirche,carlos manuel corral salvador,aschendorf,arbeitsrecht in der kirche,627,1
barockmusik,"lolo herranz, maria begona",,barockmusik,628,1
thermodynamics of fluids under flow,david jou mirabent,springer,thermodynamics of fluids under flow,629,1
nationale identitat,hugo celso felipe alberto mansilla ferret,finta,nationale identitat,630,1
suenos,,evergreen,suenos,631,1
el verbo auxiliar vasco,"etxebarria, jose ma",lincom europa,el verbo auxiliar vasco,632,1
la narrativa hispanoamericana en el siglo xx,angeles cardona castro,,la narrativa hispanoamericana en el siglo xx,633,1
ana y los lobos,rafael azcona fernandez,spanische filmtexte,ana y los lobos,634,1
religiones del mundo,,,religiones del mundo,635,1
,,,,636,1
,enric goma ribas,,,637,1
"espiadimonis 1, llengua catalana, educacio primaria, cicle mitja",montserrat galicia gorritz,,"espiadimonis 1, llengua catalana, educacio primaria, cicle mitja",638,1
el hombrecito vestido de gris,fernando alonso alonso,,el hombrecito vestido de gris,639,1
caramelos de menta,carmen vazquez-vigo lopez,,caramelos de menta,640,1
coloquialismos del espanol,huaizu wang,editorial de ensenanza e invest. lenguas extranj.,coloquialismos del espanol,641,1
resucito,"gabarain azurmendi, cesareo",ocp,resucito,642,1
da velazquez a murillo. el siglo de oro in andalusia,pedro antonio galera andreu,electa,da velazquez a murillo. el siglo de oro in andalusia,643,1
france europe express 2,francois stanislas makowski,ewa,france europe express 2,644,1
el sastre de panama,,planeta-de agostini,el sastre de panama,645,1
,jose luis alonso de santos,,,646,1
biblioteca del espacio,"tibidabo ediciones, s.a.",tibidabo edicions,biblioteca del espacio,647,1
arquitectura y arquitectos en jaen a fines del siglo xvi,pedro antonio galera andreu,consejo superior de investigaciones cientificas,arquitectura y arquitectos en jaen a fines del siglo xvi,648,1
"coleccion bisonte, serie azul",antonio vera ramirez,,"coleccion bisonte, serie azul",649,1
,antonio vera ramirez,,,650,1
jamas estuve enamorado,antonino gonzalez morales,"editorial andina, s.a.",jamas estuve enamorado,651,1
la mascota feroz,,"planeta, s.a.",la mascota feroz,652,1
la gestacio de costums de tortosa,jesus massip fonollosa,,la gestacio de costums de tortosa,653,1
on para ara,andreu sotorra agramunt,,on para ara,654,1
curiosidades historicas de sevilla,jose maria mena calvo,castillejo,curiosidades historicas de sevilla,655,1
las estaciones provinciales,luis mateo diez,alfaguara,las estaciones provinciales,656,1
,jose maria esteban bermudez,"pearson educacion, s.a.",,657,1
twiggy in the stone age. libro del profesor,paul neal hench,"pearson educacion, s.a.",twiggy in the stone age. libro del profesor,658,1
voila - 2. guide didactique,maria julia rodriguez maestu,"pearson educacion, s.a.",voila - 2. guide didactique,659,1
,luis lopez de lerma,"pearson educacion, s.a.",,660,1
memories politiques,guillem-jordi graells andreu,,memories politiques,661,1
a camioneta da medio risa.solucionario,jose quintanal diaz,bruno,a camioneta da medio risa.solucionario,662,1
historia,josefina ferrando miralles,"casals, s.a.",historia,663,1
ortografia 1,josep maria cormand munoz,"casals, s.a.",ortografia 1,664,1
"abidjan, itinerario iniciatico",manuel serrat crespo,,"abidjan, itinerario iniciatico",665,1
un corazon de nadie: antologia poetica: 1913-1935,,circulo de lectores,un corazon de nadie: antologia poetica: 1913-1935,666,1
espiritu y palabra.,maximiliano calvo arino,narcea,espiritu y palabra.,667,1
crear condiciones para la mejora del trabjo en el aula,,narcea,crear condiciones para la mejora del trabjo en el aula,668,1
"florula vascular de la muntanya dels mollons (la pobla de claramunt, anoia)",josep nuet badia,rafael dalmau,"florula vascular de la muntanya dels mollons (la pobla de claramunt, anoia)",669,1
mar ligeramente sur,manuel villar raso,"destino, s.a.",mar ligeramente sur,670,1
el art nouveau,,"destino, s.a.",el art nouveau,671,1
les vacances den dido,,"destino, s.a.",les vacances den dido,672,1
ley general de la seguridad social,juan manuel barrenechea suso,"planeta de agostini profesional y formacion,",ley general de la seguridad social,673,1
las cuatro estaciones,,orbis,las cuatro estaciones,674,1
las andanzas de pinocha,carlos miguel suarez radillo,edebe (ediciones don bosco),las andanzas de pinocha,675,1
"ingles, 4 educacio primaria, cicle mitja",edebe (ediciones don bosco),edebe (ediciones don bosco),"ingles, 4 educacio primaria, cicle mitja",676,1
"matematicas, educacion primaria. cuaderno 2",edebe (ediciones don bosco),edebe (ediciones don bosco),"matematicas, educacion primaria. cuaderno 2",677,1
proyecto escuela. familia 2,maria aurora de santiago munoz,edebe (ediciones don bosco),proyecto escuela. familia 2,678,1
,montserrat canela garayoa,edebe (ediciones don bosco),,679,1
workbook,edebe (ediciones don bosco),edebe (ediciones don bosco),workbook,680,1
trabajo de vacaciones: actividaddes de repaso y recuperacion: 6,antonio roche navarro,"everest, s.a.",trabajo de vacaciones: actividaddes de repaso y recuperacion: 6,681,1
,gabriel janer manila,"la galera, s.a. editorial",,682,1
,ma angels bogunya carulla,"la galera, s.a. editorial",,683,1
,elisabet abeya lafontana,"la galera, s.a. editorial",,684,1
ciclo bis,david duran gisbert,"la galera, s.a. editorial",ciclo bis,685,1
jo vinc de....... propostes de treball,montserrat oller freixa,"la galera, s.a. editorial",jo vinc de....... propostes de treball,686,1
la poesia pura espanola,antonio blanch xiro,"gredos, s.a.",la poesia pura espanola,687,1
colonizacion y formacion de los pueblos prerromanos (1200-218 a.c.),angel montenegro duque,"gredos, s.a.",colonizacion y formacion de los pueblos prerromanos (1200-218 a.c.),688,1
,adolfo negro fernandez,,,689,1
el gran teatro de dios,,herder,el gran teatro de dios,690,1
historia de las tipologias arquitectonicas,,gustavo gili,historia de las tipologias arquitectonicas,691,1
euroaleman: manual de profesores 1,martin bodo fischer,"herder, s.a.",euroaleman: manual de profesores 1,692,1
los tres rounds de bibi,,"juventud, s.a.",los tres rounds de bibi,693,1
runas,,"juventud, s.a.",runas,694,1
los profetas,,"lumen, s.a.",los profetas,695,1
lino aprende a ser indio,jose ramon marino ferro,luis vives,lino aprende a ser indio,696,1
el barquero,jesus ballaz zabalza,luis vives,el barquero,697,1
"musica, 6 educacion primaria, 3 ciclo",fernando luis perez mas,"marfil, s.a.","musica, 6 educacion primaria, 3 ciclo",698,1
orgias en familia,,"martinez roca, s.a.",orgias en familia,699,1
manual practico de fisionomia,,"martinez roca, s.a.",manual practico de fisionomia,700,1
francois truffaut,carlos jose barbachano gracia,"mensajero, s.a.",francois truffaut,701,1
el llibre de les disfresses,,editorial molino,el llibre de les disfresses,702,1
el juego de leer. los disfraces,gloria garcia alvarez,"molino, s.l.",el juego de leer. los disfraces,703,1
,herbert heinrich,"moll, s.l.",,704,1
,josep maria palau camps,"moll, s.l.",,705,1
salsa de menta,miguel veyrat rigat,editora nacional,salsa de menta,706,1
paraula darbre,,"noguer y caralt editores, s.a.",paraula darbre,707,1
foc i fum,miguel lopez crespi,"oikos-tau, s.l.",foc i fum,708,1
guia del super negociante,,"omega, s.a.",guia del super negociante,709,1
una historia de la musica,,"omega, s.a.",una historia de la musica,710,1
belleza negra,,"omega, s.a.",belleza negra,711,1
el dr. jehyll y mr. hyde,,"omega, s.a.",el dr. jehyll y mr. hyde,712,1
cuento de navidad (adaptado para ninos),,"omega, s.a.",cuento de navidad (adaptado para ninos),713,1
cocina mediterranea,,"omega, s.a.",cocina mediterranea,714,1
"j.v. foix, investigador en poesia",santiago vallcorba plana,"omega, s.a.","j.v. foix, investigador en poesia",715,1
,jordi sierra fabra,"pomaire, s.a.",,716,1
buildind scable cisco networks . creacion de redes cisco escalables,,"reus, s.a.",buildind scable cisco networks . creacion de redes cisco escalables,717,1
,fernando alonso alonso,"grupo santillana de ediciones, s.a.",,718,1
test programado de mecanica,,"trafico vial, s.a.",test programado de mecanica,719,1
,,"enciclopedia catalana, s.a.",,720,1
ipurtargi beltza,jesus maria landa ijurko,susa,ipurtargi beltza,721,1
la verdad sobre jesucristo,jesus martinez cajal,,la verdad sobre jesucristo,722,1
el cuchipando,fernando almena y santiago,"susaeta ediciones, s.a.",el cuchipando,723,1
365 ipuin,,"susaeta ediciones, s.a.",365 ipuin,724,1
ley de sociedades anonimas,,"tecnos, s.a.",ley de sociedades anonimas,725,1
ley de marcas,,"tecnos, s.a.",ley de marcas,726,1
ley cambiaria y del cheque,,"tecnos, s.a.",ley cambiaria y del cheque,727,1
,enric larreula vidal,"toray, s.a.",,728,1
no shi invita particularment,andreu sotorra agramunt,,no shi invita particularment,729,1
el video en la ensenanza,,"planeta, s.a.",el video en la ensenanza,730,1
"masones, comuneros y carlonarios",iris zavala,"siglo xxi de espana editores, s.a.","masones, comuneros y carlonarios",731,1
informacao electronica e nt,ernest abadal falgueras,"siglo xxi de espana editores, s.a.",informacao electronica e nt,732,1
los minerales,,,los minerales,733,1
tecnicas de iluminacion,,grupo editorial ceac,tecnicas de iluminacion,734,1
,,"escuela espanola, s.a.",,735,1
,enrique cerdan tato,,,736,1
,enrique cerdan tato,,,737,1
,antonio dominguez ortiz,serv. publ. universidad granada,,738,1
diario de un milenio que huye,,"anagrama, s.a.",diario de un milenio que huye,739,1
los abonos,jose luis fuentes yague,inst. nacional de reforma y desarrollo agricola,los abonos,740,1
instalacion y mantenimiento de equipos informaticos,salvador martinez garcia,"parramon ediciones, s.a.",instalacion y mantenimiento de equipos informaticos,741,1
de lart modern,,poligrafa,de lart modern,742,1
,enric larreula vidal,"ariel, s.a.",,743,1
,manuel maria fernandez teijeiro,sm,,744,1
"canalla, traidor, moriras",jose antonio del canizo perate,sm,"canalla, traidor, moriras",745,1
,jesus lopez garcia,sm,,746,1
matematicas aplicadas a las ciencias sociales ii: 2o bachillerato. recursos didacticos,juan jose romo urroz,sm,matematicas aplicadas a las ciencias sociales ii: 2o bachillerato. recursos didacticos,747,1
,carlos de arce robledo,,,748,1
desarrollo de habilidades en ninos pequenos,jose ma roman sanchez,"piramide, s.a.",desarrollo de habilidades en ninos pequenos,749,1
narcis vinyoles i la seva obra,antoni ferrando frances,universitat de valencia,narcis vinyoles i la seva obra,750,1
la educacion ambiental en la sociedad global,ma del pilar aznar minguet,universitat de valencia,la educacion ambiental en la sociedad global,751,1
texto y contexto,rene de costa,"catedra, s.a.",texto y contexto,752,1
,emilio sanz de soto-lyons,"catedra, s.a.",,753,1
historia de la literatura ii,joaquin benito de lucas,uned,historia de la literatura ii,754,1
,jose maria figueres artigues,,,755,1
,,,,756,1
tecnicas de base vol. 1,manuel mijan,real musical,tecnicas de base vol. 1,757,1
lecciones de entonacion v.1,felix sierra iturriaga,real musical,lecciones de entonacion v.1,758,1
el hombre acecha. cancionero y romancero,jorge urrutia gomez,planeta ( cupsa),el hombre acecha. cancionero y romancero,759,1
,fernando alonso alonso,"gaviota, s.l.",,760,1
curso de fontaneria. prueba de evaluacion 18,pedro sanz de miguel,"centro de estudios ceac, s.l. (grupo ceac)",curso de fontaneria. prueba de evaluacion 18,761,1
curso de fontaneria. prueba de evaluacion 9,pedro sanz de miguel,"centro de estudios ceac, s.l. (grupo ceac)",curso de fontaneria. prueba de evaluacion 9,762,1
curso de fontaneria. prueba de evaluacion 17,pedro sanz de miguel,"centro de estudios ceac, s.l. (grupo ceac)",curso de fontaneria. prueba de evaluacion 17,763,1
curso de fontaneria. prueba de evaluacion 23,pedro sanz de miguel,"centro de estudios ceac, s.l. (grupo ceac)",curso de fontaneria. prueba de evaluacion 23,764,1
curso de fontaneria. tomo 3,pedro sanz de miguel,"centro de estudios ceac, s.l. (grupo ceac)",curso de fontaneria. tomo 3,765,1
curso de fontaneria. tomo 4,pedro sanz de miguel,"centro de estudios ceac, s.l. (grupo ceac)",curso de fontaneria. tomo 4,766,1
prova davaluacio,"centro de estudios ceac, s.l. (grupo ceac)","centro de estudios ceac, s.l. (grupo ceac)",prova davaluacio,767,1
curso de contabilidad analitica y presupuestaria,"centro de estudios ceac, s.l. (grupo ceac)","centro de estudios ceac, s.l. (grupo ceac)",curso de contabilidad analitica y presupuestaria,768,1
sogno di una notte destate,stefania maria ciminelli,"planeta de agostini, s.a.",sogno di una notte destate,769,1
coleccionable spiderman no 23,,"planeta de agostini, s.a.",coleccionable spiderman no 23,770,1
-,jose maria figueres artigues,la clav del llibre,-,771,1
joxemi,pablo sastre forest,susa,joxemi,772,1
las deudas de la masa,emilio beltran sanchez,publicaciones del real colegio de espana,las deudas de la masa,773,1
,frederic vinas de la cruz,,,774,1
,emilio baron palma,,,775,1
costa de la muerte,jose fernandez ferreiro,grf. venus,costa de la muerte,776,1
el ultimo combate del halcon.,,"b, s.a.",el ultimo combate del halcon.,777,1
la extrana ley del juez march,antonio vera ramirez,"b, s.a.",la extrana ley del juez march,778,1
barcelona 92,antonio vera ramirez,"b, s.a.",barcelona 92,779,1
punto de partida,,"b, s.a.",punto de partida,780,1
el capitan trueno y el caballo de hierro,,ediciones b,el capitan trueno y el caballo de hierro,781,1
los misterios templarios,juan garcia atienza,"edaf, s.a.",los misterios templarios,782,1
programacion avanzada en windows 200 con visual basic c,francisco charte ojeda,"anaya multimedia, s.a.",programacion avanzada en windows 200 con visual basic c,783,1
introduccion a la informatica,ma carmen vidal fernandez,"anaya multimedia, s.a.",introduccion a la informatica,784,1
mattioli,,,mattioli,785,1
isla tiburones,,debate,isla tiburones,786,1
el ultimo oasis,,,el ultimo oasis,787,1
roberto blanco torres,juan luis blanco valdes,xunta de galicia,roberto blanco torres,788,1
,,"masson, s.a.",,789,1
,francisco luis cardona castro,"editors, s.a.",,790,1
,jose cuello subirana,"editors, s.a.",,791,1
riada,jesus moncada estruga,"akal, s.a.",riada,792,1
"el espejo, el mosaico y el crisol",,"narino, s.l","el espejo, el mosaico y el crisol",793,1
medicina china,,astri,medicina china,794,1
las arenas de amon,,"rba coleccionables, s.a.",las arenas de amon,795,1
"cosmologia, teologia y religion en...g. bruno",miguel angel granada martinez,serv. publ. universitat de barcelona,"cosmologia, teologia y religion en...g. bruno",796,1
el canto de la alondra,,ppu,el canto de la alondra,797,1
,,baula,,798,1
"ai antonia, on thas ficat",nuria pradas andreu,baula,"ai antonia, on thas ficat",799,1
caras pintadas,,timun mas (grupo editorial ceac),caras pintadas,800,1
"geografia, 3o eso, ciencias sociales",maria teresa fernandez madrio,"mcgraw-hill/interamericana de espana, s.a.","geografia, 3o eso, ciencias sociales",801,1
"richard fleisher, entre el cielo y el infierno",carlos losilla alcalde,festival de cine de gijon,"richard fleisher, entre el cielo y el infierno",802,1
malasia y singapur,,acento editorial,malasia y singapur,803,1
sistemas de telefonia,guillermo garcia gallego,"altaya, s.a.",sistemas de telefonia,804,1
,jose cuello subirana,"altaya, s.a.",,805,1
amb tot el cor,,"beascoa, s.a.",amb tot el cor,806,1
un elefant amb cor docell,ma asuncion landa etxebeste,"barcanova, s.a.",un elefant amb cor docell,807,1
,jose luis fuentes yague,"ministerio de agricultura, pesca y alimentacion",,808,1
the cellar,,"dastin, s.l.",the cellar,809,1
,francisco caudet yarza,,,810,1
"estimul, llengua catalana, eso",josep rosell lamora,barcanova,"estimul, llengua catalana, eso",811,1
mes enlla de la historia,ramon besora corominas,,mes enlla de la historia,812,1
,fanny rubio gamez,,,813,1
,jesus huguet pascual,,,814,1
,jose maria salguero juan y seva,,,815,1
carboni 14,andreu sotorra agramunt,,carboni 14,816,1
una extrana pareja,,,una extrana pareja,817,1
linforme,jose llopis domingo,,linforme,818,1
tecnologias y formacion permanente,ma del pilar aznar minguet,universidad de la laguna,tecnologias y formacion permanente,819,1
,,"arco libros, s.l.",,820,1
"berriaren tradizioa: guggenheim bildumako. maisu-lanak, 1945-1990",,consorcio del proyecto guggenheim,"berriaren tradizioa: guggenheim bildumako. maisu-lanak, 1945-1990",821,1
alcaudete en su historia,"rodriguez-picavea matilla, enrique sebastian",ayuntamiento de alcaudete,alcaudete en su historia,822,1
,jeronimo lopez mozo,,,823,1
microprocesadores: el 6502,fernando remiro dominguez,akal,microprocesadores: el 6502,824,1
la sol i en pol,,editorial cruilla,la sol i en pol,825,1
,,,,826,1
venecia: plano-guia,"viaplana pelaez, judith","b, s.a.",venecia: plano-guia,827,1
elementos para una geografia critica de la guerra y la paz: la construccion social del conflicto territorial argentino-britanico,heriberto cairo carou,universidad complutense de madrid,elementos para una geografia critica de la guerra y la paz: la construccion social del conflicto territorial argentino-britanico,828,1
golconda,gabriel bermudez castillo,acervo s.l,golconda,829,1
la escatologia del siglo ii,aurelio fernandez fernandez,"ediciones aldecoa, s.a",la escatologia del siglo ii,830,1
miniliztegia euskera-castellano,,lur,miniliztegia euskera-castellano,831,1
tiempo de elegias,luis ramoneda molins,"argos vergara, s.a.",tiempo de elegias,832,1
el viaje de las letras y los problemas de lectura,anibal puente ferreras,"biblioteca nueva, s.l.",el viaje de las letras y los problemas de lectura,833,1
antologia de poesia espanola del siglo xx,jose paulino ayuso,"castalia, s.a.",antologia de poesia espanola del siglo xx,834,1
"don bosco, una biografia nueva",,ccs (central catequistica salesiana),"don bosco, una biografia nueva",835,1
llibre profesor historia 1 cicle (eso) valencia,ramon sebastian vicent,"credsa, s.a.",llibre profesor historia 1 cicle (eso) valencia,836,1
la saguntina o primer parte de la historia de sagunto,lorenzo de zamora,ceca,la saguntina o primer parte de la historia de sagunto,837,1
urkiola,imanol elias odriozola,cultural vizcaina,urkiola,838,1
historia 1o ciclo-saiti 2 (and),fernando manuel latorre nuevalos,"ecir, s.a.",historia 1o ciclo-saiti 2 (and),839,1
,,,,840,1
mini hiztegia euskara-ingelesa,aintzane atela gurruchaga,lur,mini hiztegia euskara-ingelesa,841,1
lur entziklopedia tematika. (matematika),,,lur entziklopedia tematika. (matematika),842,1
,enrique linde paniagua,,,843,1
la responsabilidad civil. temas actuales.2001,jaime santos briz,"montecorvo, s.a.",la responsabilidad civil. temas actuales.2001,844,1
arboles en espana. manuel de identificacion,jose manuel sanchez de lorenzo caceres,"mundi-prensa libros, s.a.",arboles en espana. manuel de identificacion,845,1
antropologia industrial,claudio esteva fabregat,,antropologia industrial,846,1
embata,xipri arbelbide mendiburu,,embata,847,1
viure al ras,rafael gomar lloret,"editex, s.a.",viure al ras,848,1
estudios en homenaje a carlos otero diaz,jose ramon garcia menendez,ed. usc,estudios en homenaje a carlos otero diaz,849,1
images 3 (cuaderno),francois stanislas makowski,sgel,images 3 (cuaderno),850,1
diccionario ideologico de la lengua espanola,manuel alvar ezquerra,"biblograf, s.a.",diccionario ideologico de la lengua espanola,851,1
o merlo pirtata,,galaxia,o merlo pirtata,852,1
,enric larreula vidal,"argos vergara, s.a.",,853,1
la arquitectura y la cocina popular aragonesa,jose luis acin fanlo,"lunwerg editores, s.a.",la arquitectura y la cocina popular aragonesa,854,1
negacion y defensa del liberalismo 1900-1950,,union editorial,negacion y defensa del liberalismo 1900-1950,855,1
,teresa sabate rodie,"miguel a. salvatella, s.a.",,856,1
,teresa sabate rodie,"miguel a. salvatella, s.a.",,857,1
"little clever mouse, no 7",josefina carrera i sabate,"miguel a. salvatella, s.a.","little clever mouse, no 7",858,1
,francisco candel tortajada,,,859,1
,carlos ruiz miguel,,,860,1
,antonio vera ramirez,,,861,1
,antonio vera ramirez,,,862,1
,maria del carmen morales baeza,,,863,1
gran enciclopedia gallega. t.iii,salvador garcia bodano zunzunegui,silverio canada,gran enciclopedia gallega. t.iii,864,1
el teatro neoclasico hispanoamericano,carlos miguel suarez radillo,instituto de coop. iberoamericana,el teatro neoclasico hispanoamericano,865,1
comunicacion (lengua espanola i),angeles cardona castro,,comunicacion (lengua espanola i),866,1
,jose lopez martinez,,,867,1
,jose maria de domingo-arnau y rovira,,,868,1
,jose luis fuentes yague,"magrana, s.a.",,869,1
aventures despiru i fantastic,,junior,aventures despiru i fantastic,870,1
,miguel angel ortega campos,,,871,1
,ian keith gibson ritchie,"critica, s.l.",,872,1
single single,,rba coleccionables,single single,873,1
para una antropologia poetica: el totemismo en la poesia de ted hughes,"carames lage, jose luis",ediciones almar,para una antropologia poetica: el totemismo en la poesia de ted hughes,874,1
ensename tus caminos 6. tiempo ordinario,jose aldazabal larranaga,centro de pastoral liturgica,ensename tus caminos 6. tiempo ordinario,875,1
la viticultura americana y sus raices,luis hidalgo fernandez-cano,m.a.p.a,la viticultura americana y sus raices,876,1
,jose ramon saiz viadero,"complutense, s.a. editorial",,877,1
a prensa galega en cuba,jose santiago neira vilas,edicios do castro,a prensa galega en cuba,878,1
o fidalgo,maria pilar garcia negro,do castro,o fidalgo,879,1
xulian magarinos negreira,blanca ana roig rechou,do castro,xulian magarinos negreira,880,1
identidades regionales,enrique bustamante ramirez,universidad de malaga,identidades regionales,881,1
,miguel-anxo murado lopez,"xerais de galicia, s.a.",,882,1
moncho e driar,maria garcia yanez,"xerais de galicia, s.a.",moncho e driar,883,1
zardigot,eulogio rodriguez ruibal,galaxia,zardigot,884,1
el diario secreto del principe tutankhamon,,,el diario secreto del principe tutankhamon,885,1
,rafael santos torroella,,,886,1
,,,,887,1
,,,,888,1
zumbel 4o egb,carmen pleyan cerda,"barcanova, s.a.",zumbel 4o egb,889,1
,sebastia bech camps,"barcanova, s.a.",,890,1
,sebastia bech camps,"barcanova, s.a.",,891,1
,manuel pons mir,"barcanova, s.a.",,892,1
una tarda per mar...,sebastia bech camps,barcanova,una tarda per mar...,893,1
,jose manuel blecua teijeiro,,,894,1
ortografia 2,josep maria cormand munoz,"onda, s.a.",ortografia 2,895,1
antologia poetica (vicent andres estelles),sebastia bech camps,barcanova,antologia poetica (vicent andres estelles),896,1
,,"oceano, s.a.",,897,1
,francisco caudet yarza,"editorial oceano, s.l.",,898,1
,antonio garcia benitez,"gever, s.a.",,899,1
,,,,900,1
hezkunta - hizkunta,adolfo bornaetxea rodriguez,servicio editorial universidad del pais vasco,hezkunta - hizkunta,901,1
ejercicios basicos de sistemas digitales,javier garcia zubia,servicio editorial universidad del pais vasco,ejercicios basicos de sistemas digitales,902,1
colonizacion y subversion en la andalucia de los s. xviii-xi,antonio garcia benitez,,colonizacion y subversion en la andalucia de los s. xviii-xi,903,1
eleeciones de junio 1986 en andalucia,enrique soria medina,"editoriales andaluzas unidas, s.a.",eleeciones de junio 1986 en andalucia,904,1
ensayos sobre poetas andaluces del siglo xx,leopoldo de luis,editoriales andaluzas unidas,ensayos sobre poetas andaluces del siglo xx,905,1
el palau de les granotes,anna casassas figueras,empuries,el palau de les granotes,906,1
ceramics museum guide,,,ceramics museum guide,907,1
dones de sant marti,ma isabel segura soriano,ajuntament de barcelona,dones de sant marti,908,1
,francisco torres oliver,,,909,1
,ma teresa anguera argilaga,,,910,1
,francisco caudet yarza,,,911,1
la lluna fugissera,,"bromera, s.l.",la lluna fugissera,912,1
sabiduria y compasion,,fundacio la caixa,sabiduria y compasion,913,1
tierra de silencio : doce relatos de castilla leon,gonzalo santonja gomez,muchnik,tierra de silencio : doce relatos de castilla leon,914,1
defectos en la construccion y accion de responsabilidad decenal,"vilalta, aure esther mendez, rosa ma","editorial bosch, s.a.",defectos en la construccion y accion de responsabilidad decenal,915,1
aprendizaje deportivo.,jose hernandez moreno,serv. publ. universidad murcia,aprendizaje deportivo.,916,1
,francisco caudet yarza,,,917,1
,francisco caudet yarza,,,918,1
derecho de obligaciones,carlos rogel vide,"libreria bosch, s.l.",derecho de obligaciones,919,1
cthulhu una celebracion de los mitos,,"enokia, s.l.",cthulhu una celebracion de los mitos,920,1
,,,,921,1
piscis enfrentadas,,timun mas (grupo editorial ceac),piscis enfrentadas,922,1
